-- MySQL dump 10.15  Distrib 10.0.31-MariaDB, for debian-linux-gnu (x86_64)
--
-- Host: localhost    Database: appcenter
-- ------------------------------------------------------
-- Server version	10.0.31-MariaDB-0ubuntu0.16.04.2

/*!40101 SET @OLD_CHARACTER_SET_CLIENT=@@CHARACTER_SET_CLIENT */;
/*!40101 SET @OLD_CHARACTER_SET_RESULTS=@@CHARACTER_SET_RESULTS */;
/*!40101 SET @OLD_COLLATION_CONNECTION=@@COLLATION_CONNECTION */;
/*!40101 SET NAMES utf8mb4 */;
/*!40103 SET @OLD_TIME_ZONE=@@TIME_ZONE */;
/*!40103 SET TIME_ZONE='+00:00' */;
/*!40014 SET @OLD_UNIQUE_CHECKS=@@UNIQUE_CHECKS, UNIQUE_CHECKS=0 */;
/*!40014 SET @OLD_FOREIGN_KEY_CHECKS=@@FOREIGN_KEY_CHECKS, FOREIGN_KEY_CHECKS=0 */;
/*!40101 SET @OLD_SQL_MODE=@@SQL_MODE, SQL_MODE='NO_AUTO_VALUE_ON_ZERO' */;
/*!40111 SET @OLD_SQL_NOTES=@@SQL_NOTES, SQL_NOTES=0 */;

--
-- Table structure for table `appcenter_application`
--

DROP TABLE IF EXISTS `appcenter_application`;
/*!40101 SET @saved_cs_client     = @@character_set_client */;
/*!40101 SET character_set_client = utf8 */;
CREATE TABLE `appcenter_application` (
  `id_application` int(6) NOT NULL,
  `code` varchar(50) COLLATE utf8_unicode_ci DEFAULT NULL,
  `name` varchar(50) COLLATE utf8_unicode_ci NOT NULL DEFAULT '',
  `description` varchar(255) COLLATE utf8_unicode_ci DEFAULT '',
  `application_data` mediumtext COLLATE utf8_unicode_ci,
  PRIMARY KEY (`id_application`)
) ENGINE=MyISAM DEFAULT CHARSET=utf8 COLLATE=utf8_unicode_ci;
/*!40101 SET character_set_client = @saved_cs_client */;

--
-- Dumping data for table `appcenter_application`
--

LOCK TABLES `appcenter_application` WRITE;
/*!40000 ALTER TABLE `appcenter_application` DISABLE KEYS */;
INSERT INTO `appcenter_application` VALUES (1,'W72','Budget Participatif','Budget Participatif de la Ville de Paris 2017','{\"sources\":{\"siteRepository\":\"http://dev.lutece.paris.fr/svn/sites/paris.fr/site-budget-participatif/\",\"sourcesDatas\":[]}}');
/*!40000 ALTER TABLE `appcenter_application` ENABLE KEYS */;
UNLOCK TABLES;

--
-- Table structure for table `appcenter_attribute`
--

DROP TABLE IF EXISTS `appcenter_attribute`;
/*!40101 SET @saved_cs_client     = @@character_set_client */;
/*!40101 SET character_set_client = utf8 */;
CREATE TABLE `appcenter_attribute` (
  `id_attribute` int(11) NOT NULL AUTO_INCREMENT,
  `key_name` varchar(255) COLLATE utf8_unicode_ci NOT NULL DEFAULT '',
  `label` varchar(255) COLLATE utf8_unicode_ci NOT NULL DEFAULT '',
  `description` varchar(255) COLLATE utf8_unicode_ci DEFAULT '',
  PRIMARY KEY (`id_attribute`)
) ENGINE=MyISAM AUTO_INCREMENT=24 DEFAULT CHARSET=utf8 COLLATE=utf8_unicode_ci;
/*!40101 SET character_set_client = @saved_cs_client */;

--
-- Dumping data for table `appcenter_attribute`
--

LOCK TABLES `appcenter_attribute` WRITE;
/*!40000 ALTER TABLE `appcenter_attribute` DISABLE KEYS */;
INSERT INTO `appcenter_attribute` VALUES (1,'gender','Genre','Code 0=Non Precise 1=Mme 2=Mr Fait partie du format pivot FranceConnect'),(2,'preferred_username','Nom usuel','Champ optionel des IDP FranceConnect'),(3,'family_name','Nom de famille de naissance','Fait partie du format pivot FranceConnect'),(4,'first_name','Prénom','Prénom usuel'),(5,'birthdate','Date de naissance','Fait partie du format pivot FranceConnect'),(6,'birthplace','Lieu de naissance','Code INSEE de la commune ou vide pour l\'étranger. Fait partie du format pivot FranceConnect'),(7,'birthcountry','Pays de naissance','Code INSEE du pays de naissance. Fait partie du format pivot FranceConnect'),(8,'address','Adresse','Champ d\'adresse : adresse'),(9,'address_detail','Complément d\'adresse','Champ d\'adresse : complément d\'adresse'),(10,'address_postal_code','Code postal','Champ d\'adresse : code postal'),(11,'address_city','Ville','Champ d\'adresse : ville'),(12,'email','Email','Champ optionel des IDP FranceConnect'),(13,'mobile_phone','Téléphone portable','Réservé pour l\'envoi de SMS'),(14,'fixed_phone','Téléphone fixe',''),(15,'preferred_contact_mode','Moyen de contact préféré',''),(16,'login','Adresse de connexion',''),(17,'address_2','Adresse de facturation','Champ d\'adresse de facturation: adresse'),(18,'address_2_detail','Complément d\'adresse de facturation','Champ d\'adresse de facturation: complément d\'adresse'),(19,'address_2_postal_code','Code postal adresse de facturation','Champ d\'adresse de facturation: code postal'),(20,'address_2_city','Ville adresse de facturation','Champ d\'adresse de facturation: ville'),(21,'accept_news','Accepte les informations de la Mairie de Paris','valeurs possibles true ou false'),(22,'accept_survey','Accepte les enquetes de satisfaction','valeurs possibles true ou false'),(23,'given_name','Prénoms','Fait partie du format pivot FranceConnect');
/*!40000 ALTER TABLE `appcenter_attribute` ENABLE KEYS */;
UNLOCK TABLES;

--
-- Table structure for table `appcenter_demand`
--

DROP TABLE IF EXISTS `appcenter_demand`;
/*!40101 SET @saved_cs_client     = @@character_set_client */;
/*!40101 SET character_set_client = utf8 */;
CREATE TABLE `appcenter_demand` (
  `id_demand` int(6) NOT NULL AUTO_INCREMENT,
  `status_text` mediumtext COLLATE utf8_unicode_ci,
  `id_demand_type` varchar(255) COLLATE utf8_unicode_ci NOT NULL,
  `demand_type` mediumtext COLLATE utf8_unicode_ci NOT NULL,
  `id_application` int(11) NOT NULL DEFAULT '0',
  `demand_content` text COLLATE utf8_unicode_ci,
  `creation_date` datetime NOT NULL,
  `is_closed` smallint(6) NOT NULL DEFAULT '0',
  PRIMARY KEY (`id_demand`)
) ENGINE=MyISAM AUTO_INCREMENT=2 DEFAULT CHARSET=utf8 COLLATE=utf8_unicode_ci;
/*!40101 SET character_set_client = @saved_cs_client */;

--
-- Dumping data for table `appcenter_demand`
--

LOCK TABLES `appcenter_demand` WRITE;
/*!40000 ALTER TABLE `appcenter_demand` DISABLE KEYS */;
INSERT INTO `appcenter_demand` VALUES (1,NULL,'sources','sources',1,'{\"siteRepository\":\"http://dev.lutece.paris.fr/svn/sites/paris.fr/site-budget-participatif/\",\"userName\":\"ACL\",\"email\":\"alexandre.close@paris.fr\"}','2017-03-01 12:16:14',0);
/*!40000 ALTER TABLE `appcenter_demand` ENABLE KEYS */;
UNLOCK TABLES;

--
-- Table structure for table `appcenter_task_custom_demand_status_config`
--

DROP TABLE IF EXISTS `appcenter_task_custom_demand_status_config`;
/*!40101 SET @saved_cs_client     = @@character_set_client */;
/*!40101 SET character_set_client = utf8 */;
CREATE TABLE `appcenter_task_custom_demand_status_config` (
  `id_task` int(6) NOT NULL,
  `custom_demand_status` varchar(1000) COLLATE utf8_unicode_ci NOT NULL DEFAULT '',
  PRIMARY KEY (`id_task`)
) ENGINE=MyISAM DEFAULT CHARSET=utf8 COLLATE=utf8_unicode_ci;
/*!40101 SET character_set_client = @saved_cs_client */;

--
-- Dumping data for table `appcenter_task_custom_demand_status_config`
--

LOCK TABLES `appcenter_task_custom_demand_status_config` WRITE;
/*!40000 ALTER TABLE `appcenter_task_custom_demand_status_config` DISABLE KEYS */;
INSERT INTO `appcenter_task_custom_demand_status_config` VALUES (4,'Demande d\'autorisation d\'accès SVN en cours de traitement'),(5,'Demande de configuration de l\'authentification front office en cours de traitement'),(6,'Demande d\'ajout de liens MonCompte en cours de traitement'),(8,'Les autorisations d\'accès SVN ont été effectuées'),(9,'La demande de configuration de l\'authentification front office a été traitée'),(10,'La demande d\'ajout de liens MonCompte a été traitée'),(12,'Demande de configuration de la notification GRU en cours de traitement'),(13,'La configuration de la notification GRU a été effecuée'),(14,'La demande de configuration de votre application dans le référentiel d\'identité est en cours de traitement'),(15,'La demande de configuration de votre application dans le référentiel d\'identité a bien été traitée'),(27,'La demande de configuration de la notification vers le guichet professionnel est en cours de traitement'),(28,'La demande de configuration de la notification vers le guichet professionnel a bien été traitée');
/*!40000 ALTER TABLE `appcenter_task_custom_demand_status_config` ENABLE KEYS */;
UNLOCK TABLES;

--
-- Table structure for table `appcenter_user_application`
--

DROP TABLE IF EXISTS `appcenter_user_application`;
/*!40101 SET @saved_cs_client     = @@character_set_client */;
/*!40101 SET character_set_client = utf8 */;
CREATE TABLE `appcenter_user_application` (
  `id_application` int(6) NOT NULL,
  `user_id` varchar(50) COLLATE utf8_unicode_ci NOT NULL DEFAULT '',
  `user_role` int(11) NOT NULL DEFAULT '0',
  PRIMARY KEY (`id_application`,`user_id`)
) ENGINE=MyISAM DEFAULT CHARSET=utf8 COLLATE=utf8_unicode_ci;
/*!40101 SET character_set_client = @saved_cs_client */;

--
-- Dumping data for table `appcenter_user_application`
--

LOCK TABLES `appcenter_user_application` WRITE;
/*!40000 ALTER TABLE `appcenter_user_application` DISABLE KEYS */;
/*!40000 ALTER TABLE `appcenter_user_application` ENABLE KEYS */;
UNLOCK TABLES;

--
-- Table structure for table `appcenter_workflow_resource_history_demand`
--

DROP TABLE IF EXISTS `appcenter_workflow_resource_history_demand`;
/*!40101 SET @saved_cs_client     = @@character_set_client */;
/*!40101 SET character_set_client = utf8 */;
CREATE TABLE `appcenter_workflow_resource_history_demand` (
  `id_history` int(6) NOT NULL,
  `id_user_front` int(11) DEFAULT '0',
  PRIMARY KEY (`id_history`)
) ENGINE=MyISAM DEFAULT CHARSET=utf8 COLLATE=utf8_unicode_ci;
/*!40101 SET character_set_client = @saved_cs_client */;

--
-- Dumping data for table `appcenter_workflow_resource_history_demand`
--

LOCK TABLES `appcenter_workflow_resource_history_demand` WRITE;
/*!40000 ALTER TABLE `appcenter_workflow_resource_history_demand` DISABLE KEYS */;
/*!40000 ALTER TABLE `appcenter_workflow_resource_history_demand` ENABLE KEYS */;
UNLOCK TABLES;

--
-- Table structure for table `core_admin_dashboard`
--

DROP TABLE IF EXISTS `core_admin_dashboard`;
/*!40101 SET @saved_cs_client     = @@character_set_client */;
/*!40101 SET character_set_client = utf8 */;
CREATE TABLE `core_admin_dashboard` (
  `dashboard_name` varchar(100) COLLATE utf8_unicode_ci NOT NULL,
  `dashboard_column` int(11) NOT NULL,
  `dashboard_order` int(11) NOT NULL,
  PRIMARY KEY (`dashboard_name`)
) ENGINE=MyISAM DEFAULT CHARSET=utf8 COLLATE=utf8_unicode_ci;
/*!40101 SET character_set_client = @saved_cs_client */;

--
-- Dumping data for table `core_admin_dashboard`
--

LOCK TABLES `core_admin_dashboard` WRITE;
/*!40000 ALTER TABLE `core_admin_dashboard` DISABLE KEYS */;
INSERT INTO `core_admin_dashboard` VALUES ('usersAdminDashboardComponent',1,1),('searchAdminDashboardComponent',1,2),('workflowAdminDashboardComponent',1,1);
/*!40000 ALTER TABLE `core_admin_dashboard` ENABLE KEYS */;
UNLOCK TABLES;

--
-- Table structure for table `core_admin_mailinglist`
--

DROP TABLE IF EXISTS `core_admin_mailinglist`;
/*!40101 SET @saved_cs_client     = @@character_set_client */;
/*!40101 SET character_set_client = utf8 */;
CREATE TABLE `core_admin_mailinglist` (
  `id_mailinglist` int(11) NOT NULL DEFAULT '0',
  `name` varchar(100) COLLATE utf8_unicode_ci NOT NULL,
  `description` varchar(255) COLLATE utf8_unicode_ci NOT NULL,
  `workgroup` varchar(50) COLLATE utf8_unicode_ci NOT NULL,
  PRIMARY KEY (`id_mailinglist`)
) ENGINE=MyISAM DEFAULT CHARSET=utf8 COLLATE=utf8_unicode_ci;
/*!40101 SET character_set_client = @saved_cs_client */;

--
-- Dumping data for table `core_admin_mailinglist`
--

LOCK TABLES `core_admin_mailinglist` WRITE;
/*!40000 ALTER TABLE `core_admin_mailinglist` DISABLE KEYS */;
INSERT INTO `core_admin_mailinglist` VALUES (1,'admin','admin','all');
/*!40000 ALTER TABLE `core_admin_mailinglist` ENABLE KEYS */;
UNLOCK TABLES;

--
-- Table structure for table `core_admin_mailinglist_filter`
--

DROP TABLE IF EXISTS `core_admin_mailinglist_filter`;
/*!40101 SET @saved_cs_client     = @@character_set_client */;
/*!40101 SET character_set_client = utf8 */;
CREATE TABLE `core_admin_mailinglist_filter` (
  `id_mailinglist` int(11) NOT NULL DEFAULT '0',
  `workgroup` varchar(50) COLLATE utf8_unicode_ci NOT NULL,
  `role` varchar(50) COLLATE utf8_unicode_ci NOT NULL,
  PRIMARY KEY (`id_mailinglist`,`workgroup`,`role`)
) ENGINE=MyISAM DEFAULT CHARSET=utf8 COLLATE=utf8_unicode_ci;
/*!40101 SET character_set_client = @saved_cs_client */;

--
-- Dumping data for table `core_admin_mailinglist_filter`
--

LOCK TABLES `core_admin_mailinglist_filter` WRITE;
/*!40000 ALTER TABLE `core_admin_mailinglist_filter` DISABLE KEYS */;
INSERT INTO `core_admin_mailinglist_filter` VALUES (1,'all','super_admin');
/*!40000 ALTER TABLE `core_admin_mailinglist_filter` ENABLE KEYS */;
UNLOCK TABLES;

--
-- Table structure for table `core_admin_right`
--

DROP TABLE IF EXISTS `core_admin_right`;
/*!40101 SET @saved_cs_client     = @@character_set_client */;
/*!40101 SET character_set_client = utf8 */;
CREATE TABLE `core_admin_right` (
  `id_right` varchar(255) COLLATE utf8_unicode_ci NOT NULL DEFAULT '',
  `name` varchar(255) COLLATE utf8_unicode_ci DEFAULT NULL,
  `level_right` smallint(6) DEFAULT NULL,
  `admin_url` varchar(255) COLLATE utf8_unicode_ci DEFAULT NULL,
  `description` varchar(255) COLLATE utf8_unicode_ci DEFAULT NULL,
  `is_updatable` int(11) NOT NULL DEFAULT '0',
  `plugin_name` varchar(50) COLLATE utf8_unicode_ci DEFAULT NULL,
  `id_feature_group` varchar(50) COLLATE utf8_unicode_ci DEFAULT NULL,
  `icon_url` varchar(255) COLLATE utf8_unicode_ci DEFAULT NULL,
  `documentation_url` varchar(255) COLLATE utf8_unicode_ci DEFAULT NULL,
  `id_order` int(11) DEFAULT NULL,
  `is_external_feature` smallint(6) DEFAULT '0',
  PRIMARY KEY (`id_right`),
  KEY `index_right` (`level_right`,`admin_url`)
) ENGINE=MyISAM DEFAULT CHARSET=utf8 COLLATE=utf8_unicode_ci;
/*!40101 SET character_set_client = @saved_cs_client */;

--
-- Dumping data for table `core_admin_right`
--

LOCK TABLES `core_admin_right` WRITE;
/*!40000 ALTER TABLE `core_admin_right` DISABLE KEYS */;
INSERT INTO `core_admin_right` VALUES ('CORE_ADMIN_SITE','portal.site.adminFeature.admin_site.name',2,'jsp/admin/site/AdminSite.jsp','portal.site.adminFeature.admin_site.description',1,NULL,'SITE','images/admin/skin/features/admin_site.png','jsp/admin/documentation/AdminDocumentation.jsp?doc=admin-site',1,0),('CORE_CACHE_MANAGEMENT','portal.system.adminFeature.cache_management.name',0,'jsp/admin/system/ManageCaches.jsp','portal.system.adminFeature.cache_management.description',1,NULL,'SYSTEM','images/admin/skin/features/manage_caches.png',NULL,1,0),('CORE_SEARCH_INDEXATION','portal.search.adminFeature.indexer.name',0,'jsp/admin/search/ManageSearchIndexation.jsp','portal.search.adminFeature.indexer.description',0,NULL,'SYSTEM',NULL,NULL,2,0),('CORE_SEARCH_MANAGEMENT','portal.search.adminFeature.search_management.name',0,'jsp/admin/search/ManageSearch.jsp','portal.search.adminFeature.search_management.description',0,NULL,'SYSTEM',NULL,NULL,3,0),('CORE_LOGS_VISUALISATION','portal.system.adminFeature.logs_visualisation.name',0,'jsp/admin/system/ManageFilesSystem.jsp','portal.system.adminFeature.logs_visualisation.description',1,NULL,'SYSTEM','images/admin/skin/features/view_logs.png',NULL,4,0),('CORE_MODES_MANAGEMENT','portal.style.adminFeature.modes_management.name',0,'jsp/admin/style/ManageModes.jsp','portal.style.adminFeature.modes_management.description',1,NULL,'STYLE','images/admin/skin/features/manage_modes.png',NULL,1,0),('CORE_PAGE_TEMPLATE_MANAGEMENT','portal.style.adminFeature.page_template_management.name',0,'jsp/admin/style/ManagePageTemplates.jsp','portal.style.adminFeature.page_template_management.description',0,NULL,'STYLE','images/admin/skin/features/manage_page_templates.png',NULL,2,0),('CORE_PLUGINS_MANAGEMENT','portal.system.adminFeature.plugins_management.name',0,'jsp/admin/system/ManagePlugins.jsp','portal.system.adminFeature.plugins_management.description',1,NULL,'SYSTEM','images/admin/skin/features/manage_plugins.png',NULL,5,0),('CORE_PROPERTIES_MANAGEMENT','portal.site.adminFeature.properties_management.name',2,'jsp/admin/ManageProperties.jsp','portal.site.adminFeature.properties_management.description',0,NULL,'SITE',NULL,'jsp/admin/documentation/AdminDocumentation.jsp?doc=admin-properties',2,0),('CORE_STYLESHEET_MANAGEMENT','portal.style.adminFeature.stylesheet_management.name',0,'jsp/admin/style/ManageStyleSheets.jsp','portal.style.adminFeature.stylesheet_management.description',1,NULL,'STYLE','images/admin/skin/features/manage_stylesheets.png',NULL,3,0),('CORE_STYLES_MANAGEMENT','portal.style.adminFeature.styles_management.name',0,'jsp/admin/style/ManageStyles.jsp','portal.style.adminFeature.styles_management.description',1,NULL,'STYLE','images/admin/skin/features/manage_styles.png',NULL,4,0),('CORE_USERS_MANAGEMENT','portal.users.adminFeature.users_management.name',2,'jsp/admin/user/ManageUsers.jsp','portal.users.adminFeature.users_management.description',1,'','MANAGERS','images/admin/skin/features/manage_users.png',NULL,1,0),('CORE_FEATURES_MANAGEMENT','portal.admin.adminFeature.features_management.name',0,'jsp/admin/features/DispatchFeatures.jsp','portal.admin.adminFeature.features_management.description',0,NULL,'SYSTEM','images/admin/skin/features/manage_features.png',NULL,6,0),('CORE_RBAC_MANAGEMENT','portal.rbac.adminFeature.rbac_management.name',0,'jsp/admin/rbac/ManageRoles.jsp','portal.rbac.adminFeature.rbac_management.description',0,'','MANAGERS','images/admin/skin/features/manage_rbac.png',NULL,2,0),('CORE_DAEMONS_MANAGEMENT','portal.system.adminFeature.daemons_management.name',0,'jsp/admin/system/ManageDaemons.jsp','portal.system.adminFeature.daemons_management.description',0,NULL,'SYSTEM',NULL,NULL,7,0),('CORE_WORKGROUPS_MANAGEMENT','portal.workgroup.adminFeature.workgroups_management.name',2,'jsp/admin/workgroup/ManageWorkgroups.jsp','portal.workgroup.adminFeature.workgroups_management.description',0,NULL,'MANAGERS','images/admin/skin/features/manage_workgroups.png',NULL,3,0),('CORE_ROLES_MANAGEMENT','portal.role.adminFeature.roles_management.name',2,'jsp/admin/role/ManagePageRole.jsp','portal.role.adminFeature.roles_management.description',0,NULL,'USERS','images/admin/skin/features/manage_roles.png',NULL,1,0),('CORE_MAILINGLISTS_MANAGEMENT','portal.mailinglist.adminFeature.mailinglists_management.name',2,'jsp/admin/mailinglist/ManageMailingLists.jsp','portal.mailinglist.adminFeature.mailinglists_management.description',0,NULL,'MANAGERS','images/admin/skin/features/manage_mailinglists.png',NULL,4,0),('CORE_LEVEL_RIGHT_MANAGEMENT','portal.users.adminFeature.level_right_management.name',2,'jsp/admin/features/ManageLevels.jsp','portal.users.adminFeature.level_right_management.description',0,NULL,'MANAGERS','images/admin/skin/features/manage_rights_levels.png',NULL,5,0),('CORE_LINK_SERVICE_MANAGEMENT','portal.insert.adminFeature.linkService_management.name',2,NULL,'portal.insert.adminFeature.linkService_management.description',0,NULL,NULL,NULL,NULL,1,0),('CORE_RIGHT_MANAGEMENT','portal.users.adminFeature.right_management.name',0,'jsp/admin/features/ManageRights.jsp','portal.users.adminFeature.right_management.description',0,NULL,'MANAGERS','images/admin/skin/features/manage_rights_levels.png',NULL,5,0),('CORE_ADMINDASHBOARD_MANAGEMENT','portal.admindashboard.adminFeature.right_management.name',0,'jsp/admin/admindashboard/ManageAdminDashboards.jsp','portal.admindashboard.adminFeature.right_management.description',0,NULL,'SYSTEM','images/admin/skin/features/manage_admindashboards.png',NULL,8,0),('CORE_DASHBOARD_MANAGEMENT','portal.dashboard.adminFeature.dashboard_management.name',0,'jsp/admin/dashboard/ManageDashboards.jsp','portal.dashboard.adminFeature.dashboard_management.description',0,NULL,'SYSTEM','images/admin/skin/features/manage_dashboards.png',NULL,9,0),('CORE_XSL_EXPORT_MANAGEMENT','portal.xsl.adminFeature.xsl_export_management.name',2,'jsp/admin/xsl/ManageXslExport.jsp','portal.xsl.adminFeature.xsl_export_management.description',1,NULL,'SYSTEM',NULL,NULL,10,0),('CORE_GLOBAL_MANAGEMENT','portal.globalmanagement.adminFeature.global_management.name',2,'jsp/admin/globalmanagement/GetGlobalManagement.jsp','portal.globalmanagement.adminFeature.global_management.description',1,NULL,'SYSTEM',NULL,NULL,10,0),('CORE_EXTERNAL_FEATURES_MANAGEMENT','portal.system.adminFeature.external_features_management.name',1,'jsp/admin/features/ManageExternalFeatures.jsp','portal.system.adminFeature.external_features_management.description',1,NULL,'SYSTEM',NULL,NULL,11,0),('APPCENTER_MANAGEMENT','appcenter.adminFeature.ManageAppCenter.name',1,'jsp/admin/plugins/appcenter/ManageApplications.jsp','appcenter.adminFeature.ManageAppCenter.description',0,'appcenter',NULL,NULL,NULL,4,0),('WORKFLOW_MANAGEMENT','workflow.adminFeature.workflow_management.name',2,'jsp/admin/plugins/workflow/ManageWorkflow.jsp','workflow.adminFeature.workflow_management.description',0,'workflow','APPLICATIONS','images/admin/skin/plugins/workflow/workflow.png','jsp/admin/documentation/AdminDocumentation.jsp?doc=admin-workflow',NULL,0);
/*!40000 ALTER TABLE `core_admin_right` ENABLE KEYS */;
UNLOCK TABLES;

--
-- Table structure for table `core_admin_role`
--

DROP TABLE IF EXISTS `core_admin_role`;
/*!40101 SET @saved_cs_client     = @@character_set_client */;
/*!40101 SET character_set_client = utf8 */;
CREATE TABLE `core_admin_role` (
  `role_key` varchar(50) COLLATE utf8_unicode_ci NOT NULL DEFAULT '',
  `role_description` varchar(100) COLLATE utf8_unicode_ci NOT NULL DEFAULT '',
  PRIMARY KEY (`role_key`)
) ENGINE=MyISAM DEFAULT CHARSET=utf8 COLLATE=utf8_unicode_ci;
/*!40101 SET character_set_client = @saved_cs_client */;

--
-- Dumping data for table `core_admin_role`
--

LOCK TABLES `core_admin_role` WRITE;
/*!40000 ALTER TABLE `core_admin_role` DISABLE KEYS */;
INSERT INTO `core_admin_role` VALUES ('all_site_manager','Site Manager'),('super_admin','Super Administrateur'),('workflow_manager','Workflow management');
/*!40000 ALTER TABLE `core_admin_role` ENABLE KEYS */;
UNLOCK TABLES;

--
-- Table structure for table `core_admin_role_resource`
--

DROP TABLE IF EXISTS `core_admin_role_resource`;
/*!40101 SET @saved_cs_client     = @@character_set_client */;
/*!40101 SET character_set_client = utf8 */;
CREATE TABLE `core_admin_role_resource` (
  `rbac_id` int(11) NOT NULL DEFAULT '0',
  `role_key` varchar(50) COLLATE utf8_unicode_ci NOT NULL DEFAULT '',
  `resource_type` varchar(50) COLLATE utf8_unicode_ci NOT NULL DEFAULT '',
  `resource_id` varchar(50) COLLATE utf8_unicode_ci NOT NULL DEFAULT '',
  `permission` varchar(50) COLLATE utf8_unicode_ci NOT NULL DEFAULT '',
  PRIMARY KEY (`rbac_id`)
) ENGINE=MyISAM DEFAULT CHARSET=utf8 COLLATE=utf8_unicode_ci;
/*!40101 SET character_set_client = @saved_cs_client */;

--
-- Dumping data for table `core_admin_role_resource`
--

LOCK TABLES `core_admin_role_resource` WRITE;
/*!40000 ALTER TABLE `core_admin_role_resource` DISABLE KEYS */;
INSERT INTO `core_admin_role_resource` VALUES (57,'all_site_manager','PAGE','*','VIEW'),(58,'all_site_manager','PAGE','*','MANAGE'),(77,'super_admin','INSERT_SERVICE','*','*'),(101,'all_site_manager','PORTLET_TYPE','*','*'),(111,'all_site_manager','ADMIN_USER','*','*'),(137,'all_site_manager','SEARCH_SERVICE','*','*'),(164,'all_site_manager','XSL_EXPORT','*','*'),(912,'workflow_manager','WORKFLOW_ACTION_TYPE','*','*'),(923,'workflow_manager','WORKFLOW_STATE_TYPE','*','*');
/*!40000 ALTER TABLE `core_admin_role_resource` ENABLE KEYS */;
UNLOCK TABLES;

--
-- Table structure for table `core_admin_user`
--

DROP TABLE IF EXISTS `core_admin_user`;
/*!40101 SET @saved_cs_client     = @@character_set_client */;
/*!40101 SET character_set_client = utf8 */;
CREATE TABLE `core_admin_user` (
  `id_user` int(11) NOT NULL DEFAULT '0',
  `access_code` varchar(100) COLLATE utf8_unicode_ci NOT NULL DEFAULT '',
  `last_name` varchar(100) COLLATE utf8_unicode_ci NOT NULL DEFAULT '',
  `first_name` varchar(100) COLLATE utf8_unicode_ci NOT NULL DEFAULT '',
  `email` varchar(256) COLLATE utf8_unicode_ci NOT NULL DEFAULT '0',
  `status` smallint(6) NOT NULL DEFAULT '0',
  `password` mediumtext COLLATE utf8_unicode_ci,
  `locale` varchar(10) COLLATE utf8_unicode_ci NOT NULL DEFAULT 'fr',
  `level_user` smallint(6) NOT NULL DEFAULT '0',
  `reset_password` smallint(6) NOT NULL DEFAULT '0',
  `accessibility_mode` smallint(6) NOT NULL DEFAULT '0',
  `password_max_valid_date` timestamp NULL DEFAULT NULL,
  `account_max_valid_date` bigint(20) DEFAULT NULL,
  `nb_alerts_sent` int(11) NOT NULL DEFAULT '0',
  `last_login` timestamp NOT NULL DEFAULT '1979-12-31 23:00:00',
  `workgroup_key` varchar(50) COLLATE utf8_unicode_ci DEFAULT 'all',
  PRIMARY KEY (`id_user`)
) ENGINE=MyISAM DEFAULT CHARSET=utf8 COLLATE=utf8_unicode_ci;
/*!40101 SET character_set_client = @saved_cs_client */;

--
-- Dumping data for table `core_admin_user`
--

LOCK TABLES `core_admin_user` WRITE;
/*!40000 ALTER TABLE `core_admin_user` DISABLE KEYS */;
INSERT INTO `core_admin_user` VALUES (1,'admin','Admin','admin','admin@lutece.fr',0,'PLAINTEXT:adminadmin','fr',0,0,0,NULL,NULL,0,'1979-12-31 23:00:00','all'),(2,'lutece','Lutèce','lutece','lutece@lutece.fr',1,'PLAINTEXT:adminadmin','fr',1,0,0,NULL,NULL,0,'1979-12-31 23:00:00','all'),(3,'redac','redac','redac','redac@lutece.fr',1,'PLAINTEXT:adminadmin','fr',2,0,0,NULL,NULL,0,'1979-12-31 23:00:00','all'),(4,'valid','valid','valid','valid@lutece.fr',1,'PLAINTEXT:adminadmin','fr',3,0,0,NULL,NULL,0,'1979-12-31 23:00:00','all');
/*!40000 ALTER TABLE `core_admin_user` ENABLE KEYS */;
UNLOCK TABLES;

--
-- Table structure for table `core_admin_user_anonymize_field`
--

DROP TABLE IF EXISTS `core_admin_user_anonymize_field`;
/*!40101 SET @saved_cs_client     = @@character_set_client */;
/*!40101 SET character_set_client = utf8 */;
CREATE TABLE `core_admin_user_anonymize_field` (
  `field_name` varchar(100) COLLATE utf8_unicode_ci NOT NULL,
  `anonymize` smallint(6) NOT NULL,
  PRIMARY KEY (`field_name`)
) ENGINE=MyISAM DEFAULT CHARSET=utf8 COLLATE=utf8_unicode_ci;
/*!40101 SET character_set_client = @saved_cs_client */;

--
-- Dumping data for table `core_admin_user_anonymize_field`
--

LOCK TABLES `core_admin_user_anonymize_field` WRITE;
/*!40000 ALTER TABLE `core_admin_user_anonymize_field` DISABLE KEYS */;
INSERT INTO `core_admin_user_anonymize_field` VALUES ('access_code',1),('last_name',1),('first_name',1),('email',1);
/*!40000 ALTER TABLE `core_admin_user_anonymize_field` ENABLE KEYS */;
UNLOCK TABLES;

--
-- Table structure for table `core_admin_user_field`
--

DROP TABLE IF EXISTS `core_admin_user_field`;
/*!40101 SET @saved_cs_client     = @@character_set_client */;
/*!40101 SET character_set_client = utf8 */;
CREATE TABLE `core_admin_user_field` (
  `id_user_field` int(11) NOT NULL DEFAULT '0',
  `id_user` int(11) DEFAULT NULL,
  `id_attribute` int(11) DEFAULT NULL,
  `id_field` int(11) DEFAULT NULL,
  `id_file` int(11) DEFAULT NULL,
  `user_field_value` mediumtext COLLATE utf8_unicode_ci,
  PRIMARY KEY (`id_user_field`),
  KEY `core_admin_user_field_idx_file` (`id_file`)
) ENGINE=MyISAM DEFAULT CHARSET=utf8 COLLATE=utf8_unicode_ci;
/*!40101 SET character_set_client = @saved_cs_client */;

--
-- Dumping data for table `core_admin_user_field`
--

LOCK TABLES `core_admin_user_field` WRITE;
/*!40000 ALTER TABLE `core_admin_user_field` DISABLE KEYS */;
/*!40000 ALTER TABLE `core_admin_user_field` ENABLE KEYS */;
UNLOCK TABLES;

--
-- Table structure for table `core_admin_user_preferences`
--

DROP TABLE IF EXISTS `core_admin_user_preferences`;
/*!40101 SET @saved_cs_client     = @@character_set_client */;
/*!40101 SET character_set_client = utf8 */;
CREATE TABLE `core_admin_user_preferences` (
  `id_user` varchar(100) COLLATE utf8_unicode_ci NOT NULL,
  `pref_key` varchar(100) COLLATE utf8_unicode_ci NOT NULL,
  `pref_value` mediumtext COLLATE utf8_unicode_ci,
  PRIMARY KEY (`id_user`,`pref_key`),
  KEY `index_admin_user_preferences` (`id_user`)
) ENGINE=MyISAM DEFAULT CHARSET=utf8 COLLATE=utf8_unicode_ci;
/*!40101 SET character_set_client = @saved_cs_client */;

--
-- Dumping data for table `core_admin_user_preferences`
--

LOCK TABLES `core_admin_user_preferences` WRITE;
/*!40000 ALTER TABLE `core_admin_user_preferences` DISABLE KEYS */;
/*!40000 ALTER TABLE `core_admin_user_preferences` ENABLE KEYS */;
UNLOCK TABLES;

--
-- Table structure for table `core_admin_workgroup`
--

DROP TABLE IF EXISTS `core_admin_workgroup`;
/*!40101 SET @saved_cs_client     = @@character_set_client */;
/*!40101 SET character_set_client = utf8 */;
CREATE TABLE `core_admin_workgroup` (
  `workgroup_key` varchar(50) COLLATE utf8_unicode_ci NOT NULL,
  `workgroup_description` varchar(255) COLLATE utf8_unicode_ci DEFAULT NULL,
  PRIMARY KEY (`workgroup_key`)
) ENGINE=MyISAM DEFAULT CHARSET=utf8 COLLATE=utf8_unicode_ci;
/*!40101 SET character_set_client = @saved_cs_client */;

--
-- Dumping data for table `core_admin_workgroup`
--

LOCK TABLES `core_admin_workgroup` WRITE;
/*!40000 ALTER TABLE `core_admin_workgroup` DISABLE KEYS */;
/*!40000 ALTER TABLE `core_admin_workgroup` ENABLE KEYS */;
UNLOCK TABLES;

--
-- Table structure for table `core_admin_workgroup_user`
--

DROP TABLE IF EXISTS `core_admin_workgroup_user`;
/*!40101 SET @saved_cs_client     = @@character_set_client */;
/*!40101 SET character_set_client = utf8 */;
CREATE TABLE `core_admin_workgroup_user` (
  `workgroup_key` varchar(50) COLLATE utf8_unicode_ci NOT NULL,
  `id_user` int(11) NOT NULL,
  PRIMARY KEY (`workgroup_key`,`id_user`)
) ENGINE=MyISAM DEFAULT CHARSET=utf8 COLLATE=utf8_unicode_ci;
/*!40101 SET character_set_client = @saved_cs_client */;

--
-- Dumping data for table `core_admin_workgroup_user`
--

LOCK TABLES `core_admin_workgroup_user` WRITE;
/*!40000 ALTER TABLE `core_admin_workgroup_user` DISABLE KEYS */;
/*!40000 ALTER TABLE `core_admin_workgroup_user` ENABLE KEYS */;
UNLOCK TABLES;

--
-- Table structure for table `core_attribute`
--

DROP TABLE IF EXISTS `core_attribute`;
/*!40101 SET @saved_cs_client     = @@character_set_client */;
/*!40101 SET character_set_client = utf8 */;
CREATE TABLE `core_attribute` (
  `id_attribute` int(11) NOT NULL DEFAULT '0',
  `type_class_name` varchar(255) COLLATE utf8_unicode_ci DEFAULT NULL,
  `title` mediumtext COLLATE utf8_unicode_ci,
  `help_message` mediumtext COLLATE utf8_unicode_ci,
  `is_mandatory` smallint(6) DEFAULT '0',
  `is_shown_in_search` smallint(6) DEFAULT '0',
  `is_shown_in_result_list` smallint(6) DEFAULT '0',
  `is_field_in_line` smallint(6) DEFAULT '0',
  `attribute_position` int(11) DEFAULT '0',
  `plugin_name` varchar(255) COLLATE utf8_unicode_ci DEFAULT NULL,
  `anonymize` smallint(6) DEFAULT NULL,
  PRIMARY KEY (`id_attribute`)
) ENGINE=MyISAM DEFAULT CHARSET=utf8 COLLATE=utf8_unicode_ci;
/*!40101 SET character_set_client = @saved_cs_client */;

--
-- Dumping data for table `core_attribute`
--

LOCK TABLES `core_attribute` WRITE;
/*!40000 ALTER TABLE `core_attribute` DISABLE KEYS */;
/*!40000 ALTER TABLE `core_attribute` ENABLE KEYS */;
UNLOCK TABLES;

--
-- Table structure for table `core_attribute_field`
--

DROP TABLE IF EXISTS `core_attribute_field`;
/*!40101 SET @saved_cs_client     = @@character_set_client */;
/*!40101 SET character_set_client = utf8 */;
CREATE TABLE `core_attribute_field` (
  `id_field` int(11) NOT NULL DEFAULT '0',
  `id_attribute` int(11) DEFAULT NULL,
  `title` varchar(255) COLLATE utf8_unicode_ci DEFAULT NULL,
  `DEFAULT_value` mediumtext COLLATE utf8_unicode_ci,
  `is_DEFAULT_value` smallint(6) DEFAULT '0',
  `height` int(11) DEFAULT NULL,
  `width` int(11) DEFAULT NULL,
  `max_size_enter` int(11) DEFAULT NULL,
  `is_multiple` smallint(6) DEFAULT '0',
  `field_position` int(11) DEFAULT NULL,
  PRIMARY KEY (`id_field`)
) ENGINE=MyISAM DEFAULT CHARSET=utf8 COLLATE=utf8_unicode_ci;
/*!40101 SET character_set_client = @saved_cs_client */;

--
-- Dumping data for table `core_attribute_field`
--

LOCK TABLES `core_attribute_field` WRITE;
/*!40000 ALTER TABLE `core_attribute_field` DISABLE KEYS */;
/*!40000 ALTER TABLE `core_attribute_field` ENABLE KEYS */;
UNLOCK TABLES;

--
-- Table structure for table `core_connections_log`
--

DROP TABLE IF EXISTS `core_connections_log`;
/*!40101 SET @saved_cs_client     = @@character_set_client */;
/*!40101 SET character_set_client = utf8 */;
CREATE TABLE `core_connections_log` (
  `access_code` varchar(100) COLLATE utf8_unicode_ci DEFAULT NULL,
  `ip_address` varchar(63) COLLATE utf8_unicode_ci DEFAULT NULL,
  `date_login` timestamp NOT NULL DEFAULT CURRENT_TIMESTAMP,
  `login_status` int(11) DEFAULT NULL,
  KEY `index_connections_log` (`ip_address`,`date_login`)
) ENGINE=MyISAM DEFAULT CHARSET=utf8 COLLATE=utf8_unicode_ci;
/*!40101 SET character_set_client = @saved_cs_client */;

--
-- Dumping data for table `core_connections_log`
--

LOCK TABLES `core_connections_log` WRITE;
/*!40000 ALTER TABLE `core_connections_log` DISABLE KEYS */;
/*!40000 ALTER TABLE `core_connections_log` ENABLE KEYS */;
UNLOCK TABLES;

--
-- Table structure for table `core_dashboard`
--

DROP TABLE IF EXISTS `core_dashboard`;
/*!40101 SET @saved_cs_client     = @@character_set_client */;
/*!40101 SET character_set_client = utf8 */;
CREATE TABLE `core_dashboard` (
  `dashboard_name` varchar(100) COLLATE utf8_unicode_ci NOT NULL,
  `dashboard_column` int(11) NOT NULL,
  `dashboard_order` int(11) NOT NULL,
  PRIMARY KEY (`dashboard_name`)
) ENGINE=MyISAM DEFAULT CHARSET=utf8 COLLATE=utf8_unicode_ci;
/*!40101 SET character_set_client = @saved_cs_client */;

--
-- Dumping data for table `core_dashboard`
--

LOCK TABLES `core_dashboard` WRITE;
/*!40000 ALTER TABLE `core_dashboard` DISABLE KEYS */;
INSERT INTO `core_dashboard` VALUES ('CORE_SYSTEM',1,2),('CORE_USERS',1,1),('CORE_USER',4,1),('CORE_PAGES',2,1),('WORKFLOW',3,1);
/*!40000 ALTER TABLE `core_dashboard` ENABLE KEYS */;
UNLOCK TABLES;

--
-- Table structure for table `core_datastore`
--

DROP TABLE IF EXISTS `core_datastore`;
/*!40101 SET @saved_cs_client     = @@character_set_client */;
/*!40101 SET character_set_client = utf8 */;
CREATE TABLE `core_datastore` (
  `entity_key` varchar(255) COLLATE utf8_unicode_ci NOT NULL,
  `entity_value` mediumtext COLLATE utf8_unicode_ci,
  PRIMARY KEY (`entity_key`)
) ENGINE=MyISAM DEFAULT CHARSET=utf8 COLLATE=utf8_unicode_ci;
/*!40101 SET character_set_client = @saved_cs_client */;

--
-- Dumping data for table `core_datastore`
--

LOCK TABLES `core_datastore` WRITE;
/*!40000 ALTER TABLE `core_datastore` DISABLE KEYS */;
INSERT INTO `core_datastore` VALUES ('core.advanced_parameters.password_duration','120'),('core.advanced_parameters.default_user_level','0'),('core.advanced_parameters.default_user_notification','1'),('core.advanced_parameters.default_user_language','fr'),('core.advanced_parameters.default_user_status','0'),('core.advanced_parameters.email_pattern','^[\\w_.\\-!\\#\\$\\%\\&\'\\*\\+\\/\\=\\?\\^\\`\\}\\{\\|\\~]+@[\\w_.\\-]+\\.[\\w]+$'),('core.advanced_parameters.email_pattern_verify_by',''),('core.advanced_parameters.force_change_password_reinit','false'),('core.advanced_parameters.password_minimum_length','8'),('core.advanced_parameters.password_format_upper_lower_case','false'),('core.advanced_parameters.password_format_numero','false'),('core.advanced_parameters.password_format_special_characters','false'),('core.advanced_parameters.password_history_size',''),('core.advanced_parameters.maximum_number_password_change',''),('core.advanced_parameters.tsw_size_password_change',''),('core.advanced_parameters.use_advanced_security_parameters',''),('core.advanced_parameters.account_life_time','12'),('core.advanced_parameters.time_before_alert_account','30'),('core.advanced_parameters.nb_alert_account','2'),('core.advanced_parameters.time_between_alerts_account','10'),('core.advanced_parameters.access_failures_max','3'),('core.advanced_parameters.access_failures_interval','10'),('core.advanced_parameters.expired_alert_mail_sender','lutece@nowhere.com'),('core.advanced_parameters.expired_alert_mail_subject','Votre compte a expiré'),('core.advanced_parameters.first_alert_mail_sender','lutece@nowhere.com'),('core.advanced_parameters.first_alert_mail_subject','Votre compte va bientôt expirer'),('core.advanced_parameters.other_alert_mail_sender','lutece@nowhere.com'),('core.advanced_parameters.other_alert_mail_subject','Votre compte va bientôt expirer'),('core.advanced_parameters.account_reactivated_mail_sender','lutece@nowhere.com'),('core.advanced_parameters.account_reactivated_mail_subject','Votre compte a bien été réactivé'),('core.advanced_parameters.access_failures_captcha','1'),('core.advanced_parameters.notify_user_password_expired',''),('core.advanced_parameters.password_expired_mail_sender','lutece@nowhere.com'),('core.advanced_parameters.password_expired_mail_subject','Votre mot de passe a expiré'),('core.advanced_parameters.reset_token_validity','60'),('core.advanced_parameters.lock_reset_token_to_session','false'),('core.backOffice.defaultEditor','tinymce'),('core.frontOffice.defaultEditor','markitupbbcode'),('core_banned_domain_names','yopmail.com'),('portal.site.site_property.name','LUTECE'),('portal.site.site_property.meta.author','<author>'),('portal.site.site_property.meta.copyright','<copyright>'),('portal.site.site_property.meta.description','<description>'),('portal.site.site_property.meta.keywords','<keywords>'),('portal.site.site_property.email','<webmaster email>'),('portal.site.site_property.noreply_email','no-reply@mydomain.com'),('portal.site.site_property.home_url','jsp/site/Portal.jsp'),('portal.site.site_property.admin_home_url','jsp/admin/AdminMenu.jsp'),('portal.site.site_property.popup_credits.textblock','&lt;credits text&gt;'),('portal.site.site_property.popup_legal_info.copyright.textblock','&lt;copyright text&gt;'),('portal.site.site_property.popup_legal_info.privacy.textblock','&lt;privacy text&gt;'),('portal.site.site_property.logo_url','images/logo-header-icon.png'),('portal.site.site_property.menu.position','top'),('portal.site.site_property.locale.default','fr'),('portal.site.site_property.avatar_default','images/admin/skin/unknown.png'),('portal.site.site_property.back_images','\'images/admin/skin/bg_login1.jpg\' , \'images/admin/skin/bg_login2.jpg\' , \'images/admin/skin/bg_login3.jpg\' , \'images/admin/skin/bg_login4.jpg\''),('appcenter.fastdeployServices.BILD','BILD'),('appcenter.fastdeployServices.BSIS','BSIS'),('appcenter.fastdeployServices.BGO','BGO'),('appcenter.fastdeployServices.BSUN','BSUN'),('appcenter.fastdeployServices.MTSI','MTSI'),('appcenter.fastdeployServices.BSIRH','BSIRH');
/*!40000 ALTER TABLE `core_datastore` ENABLE KEYS */;
UNLOCK TABLES;

--
-- Table structure for table `core_feature_group`
--

DROP TABLE IF EXISTS `core_feature_group`;
/*!40101 SET @saved_cs_client     = @@character_set_client */;
/*!40101 SET character_set_client = utf8 */;
CREATE TABLE `core_feature_group` (
  `id_feature_group` varchar(50) COLLATE utf8_unicode_ci NOT NULL DEFAULT '',
  `feature_group_description` varchar(255) COLLATE utf8_unicode_ci DEFAULT NULL,
  `feature_group_label` varchar(100) COLLATE utf8_unicode_ci DEFAULT NULL,
  `feature_group_order` int(11) DEFAULT NULL,
  PRIMARY KEY (`id_feature_group`)
) ENGINE=MyISAM DEFAULT CHARSET=utf8 COLLATE=utf8_unicode_ci;
/*!40101 SET character_set_client = @saved_cs_client */;

--
-- Dumping data for table `core_feature_group`
--

LOCK TABLES `core_feature_group` WRITE;
/*!40000 ALTER TABLE `core_feature_group` DISABLE KEYS */;
INSERT INTO `core_feature_group` VALUES ('CONTENT','portal.features.group.content.description','portal.features.group.content.label',1),('APPLICATIONS','portal.features.group.applications.description','portal.features.group.applications.label',3),('SYSTEM','portal.features.group.system.description','portal.features.group.system.label',7),('SITE','portal.features.group.site.description','portal.features.group.site.label',2),('STYLE','portal.features.group.charter.description','portal.features.group.charter.label',6),('USERS','portal.features.group.users.description','portal.features.group.users.label',4),('MANAGERS','portal.features.group.managers.description','portal.features.group.managers.label',5);
/*!40000 ALTER TABLE `core_feature_group` ENABLE KEYS */;
UNLOCK TABLES;

--
-- Table structure for table `core_file`
--

DROP TABLE IF EXISTS `core_file`;
/*!40101 SET @saved_cs_client     = @@character_set_client */;
/*!40101 SET character_set_client = utf8 */;
CREATE TABLE `core_file` (
  `id_file` int(11) NOT NULL DEFAULT '0',
  `title` mediumtext COLLATE utf8_unicode_ci,
  `id_physical_file` int(11) DEFAULT NULL,
  `file_size` int(11) DEFAULT NULL,
  `mime_type` varchar(255) COLLATE utf8_unicode_ci DEFAULT NULL,
  `date_creation` timestamp NULL DEFAULT NULL,
  PRIMARY KEY (`id_file`)
) ENGINE=MyISAM DEFAULT CHARSET=utf8 COLLATE=utf8_unicode_ci;
/*!40101 SET character_set_client = @saved_cs_client */;

--
-- Dumping data for table `core_file`
--

LOCK TABLES `core_file` WRITE;
/*!40000 ALTER TABLE `core_file` DISABLE KEYS */;
INSERT INTO `core_file` VALUES (125,'export_users_csv.xml',125,2523,'application/xml','2005-10-10 08:10:10'),(126,'export_users_xml.xml',126,259,'application/xml','2005-10-10 08:10:10');
/*!40000 ALTER TABLE `core_file` ENABLE KEYS */;
UNLOCK TABLES;

--
-- Table structure for table `core_id_generator`
--

DROP TABLE IF EXISTS `core_id_generator`;
/*!40101 SET @saved_cs_client     = @@character_set_client */;
/*!40101 SET character_set_client = utf8 */;
CREATE TABLE `core_id_generator` (
  `class_name` varchar(250) COLLATE utf8_unicode_ci NOT NULL DEFAULT '',
  `current_value` int(11) NOT NULL DEFAULT '0',
  PRIMARY KEY (`class_name`)
) ENGINE=MyISAM DEFAULT CHARSET=utf8 COLLATE=utf8_unicode_ci;
/*!40101 SET character_set_client = @saved_cs_client */;

--
-- Dumping data for table `core_id_generator`
--

LOCK TABLES `core_id_generator` WRITE;
/*!40000 ALTER TABLE `core_id_generator` DISABLE KEYS */;
/*!40000 ALTER TABLE `core_id_generator` ENABLE KEYS */;
UNLOCK TABLES;

--
-- Table structure for table `core_indexer_action`
--

DROP TABLE IF EXISTS `core_indexer_action`;
/*!40101 SET @saved_cs_client     = @@character_set_client */;
/*!40101 SET character_set_client = utf8 */;
CREATE TABLE `core_indexer_action` (
  `id_action` int(11) NOT NULL DEFAULT '0',
  `id_document` varchar(255) COLLATE utf8_unicode_ci NOT NULL,
  `id_task` int(11) NOT NULL DEFAULT '0',
  `indexer_name` varchar(255) COLLATE utf8_unicode_ci NOT NULL,
  `id_portlet` int(11) NOT NULL DEFAULT '0',
  PRIMARY KEY (`id_action`)
) ENGINE=MyISAM DEFAULT CHARSET=utf8 COLLATE=utf8_unicode_ci;
/*!40101 SET character_set_client = @saved_cs_client */;

--
-- Dumping data for table `core_indexer_action`
--

LOCK TABLES `core_indexer_action` WRITE;
/*!40000 ALTER TABLE `core_indexer_action` DISABLE KEYS */;
/*!40000 ALTER TABLE `core_indexer_action` ENABLE KEYS */;
UNLOCK TABLES;

--
-- Table structure for table `core_level_right`
--

DROP TABLE IF EXISTS `core_level_right`;
/*!40101 SET @saved_cs_client     = @@character_set_client */;
/*!40101 SET character_set_client = utf8 */;
CREATE TABLE `core_level_right` (
  `id_level` smallint(6) NOT NULL DEFAULT '0',
  `name` varchar(80) COLLATE utf8_unicode_ci DEFAULT NULL,
  PRIMARY KEY (`id_level`)
) ENGINE=MyISAM DEFAULT CHARSET=utf8 COLLATE=utf8_unicode_ci;
/*!40101 SET character_set_client = @saved_cs_client */;

--
-- Dumping data for table `core_level_right`
--

LOCK TABLES `core_level_right` WRITE;
/*!40000 ALTER TABLE `core_level_right` DISABLE KEYS */;
INSERT INTO `core_level_right` VALUES (0,'Niveau 0 - Droits de l\'administrateur technique'),(1,'Niveau 1 - Droits de l\'administrateur fonctionnel'),(2,'Niveau 2 - Droits du webmestre'),(3,'Niveau 3 - Droits de l\'assistant webmestre');
/*!40000 ALTER TABLE `core_level_right` ENABLE KEYS */;
UNLOCK TABLES;

--
-- Table structure for table `core_mail_item`
--

DROP TABLE IF EXISTS `core_mail_item`;
/*!40101 SET @saved_cs_client     = @@character_set_client */;
/*!40101 SET character_set_client = utf8 */;
CREATE TABLE `core_mail_item` (
  `id_mail_queue` int(11) NOT NULL DEFAULT '0',
  `mail_item` mediumblob,
  PRIMARY KEY (`id_mail_queue`)
) ENGINE=MyISAM DEFAULT CHARSET=utf8 COLLATE=utf8_unicode_ci;
/*!40101 SET character_set_client = @saved_cs_client */;

--
-- Dumping data for table `core_mail_item`
--

LOCK TABLES `core_mail_item` WRITE;
/*!40000 ALTER TABLE `core_mail_item` DISABLE KEYS */;
/*!40000 ALTER TABLE `core_mail_item` ENABLE KEYS */;
UNLOCK TABLES;

--
-- Table structure for table `core_mail_queue`
--

DROP TABLE IF EXISTS `core_mail_queue`;
/*!40101 SET @saved_cs_client     = @@character_set_client */;
/*!40101 SET character_set_client = utf8 */;
CREATE TABLE `core_mail_queue` (
  `id_mail_queue` int(11) NOT NULL DEFAULT '0',
  `is_locked` smallint(6) DEFAULT '0',
  PRIMARY KEY (`id_mail_queue`),
  KEY `is_locked_core_mail_queue` (`is_locked`)
) ENGINE=MyISAM DEFAULT CHARSET=utf8 COLLATE=utf8_unicode_ci;
/*!40101 SET character_set_client = @saved_cs_client */;

--
-- Dumping data for table `core_mail_queue`
--

LOCK TABLES `core_mail_queue` WRITE;
/*!40000 ALTER TABLE `core_mail_queue` DISABLE KEYS */;
/*!40000 ALTER TABLE `core_mail_queue` ENABLE KEYS */;
UNLOCK TABLES;

--
-- Table structure for table `core_mode`
--

DROP TABLE IF EXISTS `core_mode`;
/*!40101 SET @saved_cs_client     = @@character_set_client */;
/*!40101 SET character_set_client = utf8 */;
CREATE TABLE `core_mode` (
  `id_mode` int(11) NOT NULL DEFAULT '0',
  `description_mode` varchar(255) COLLATE utf8_unicode_ci DEFAULT NULL,
  `path` varchar(50) COLLATE utf8_unicode_ci NOT NULL DEFAULT '',
  `output_xsl_method` varchar(50) COLLATE utf8_unicode_ci DEFAULT NULL,
  `output_xsl_version` varchar(50) COLLATE utf8_unicode_ci DEFAULT NULL,
  `output_xsl_media_type` varchar(50) COLLATE utf8_unicode_ci DEFAULT NULL,
  `output_xsl_encoding` varchar(50) COLLATE utf8_unicode_ci DEFAULT NULL,
  `output_xsl_indent` varchar(50) COLLATE utf8_unicode_ci DEFAULT NULL,
  `output_xsl_omit_xml_dec` varchar(50) COLLATE utf8_unicode_ci DEFAULT NULL,
  `output_xsl_standalone` varchar(50) COLLATE utf8_unicode_ci DEFAULT NULL,
  PRIMARY KEY (`id_mode`)
) ENGINE=MyISAM DEFAULT CHARSET=utf8 COLLATE=utf8_unicode_ci;
/*!40101 SET character_set_client = @saved_cs_client */;

--
-- Dumping data for table `core_mode`
--

LOCK TABLES `core_mode` WRITE;
/*!40000 ALTER TABLE `core_mode` DISABLE KEYS */;
INSERT INTO `core_mode` VALUES (0,'Normal','normal/','xml','1.0','text/xml','UTF-8','yes','yes','yes'),(1,'Administration','admin/','xml','1.0','text/xml','UTF-8','yes','yes','yes'),(2,'Wap','wml/','xml','1.0','text/xml','UTF-8','yes','yes','yes');
/*!40000 ALTER TABLE `core_mode` ENABLE KEYS */;
UNLOCK TABLES;

--
-- Table structure for table `core_page`
--

DROP TABLE IF EXISTS `core_page`;
/*!40101 SET @saved_cs_client     = @@character_set_client */;
/*!40101 SET character_set_client = utf8 */;
CREATE TABLE `core_page` (
  `id_page` int(11) NOT NULL DEFAULT '0',
  `id_parent` int(11) DEFAULT '0',
  `name` varchar(50) COLLATE utf8_unicode_ci NOT NULL DEFAULT '',
  `description` mediumtext COLLATE utf8_unicode_ci,
  `date_update` timestamp NOT NULL DEFAULT CURRENT_TIMESTAMP,
  `status` smallint(6) DEFAULT NULL,
  `page_order` int(11) DEFAULT '0',
  `id_template` int(11) DEFAULT NULL,
  `date_creation` timestamp NULL DEFAULT NULL,
  `role` varchar(50) COLLATE utf8_unicode_ci DEFAULT NULL,
  `code_theme` varchar(80) COLLATE utf8_unicode_ci DEFAULT NULL,
  `node_status` smallint(6) NOT NULL DEFAULT '1',
  `image_content` mediumblob,
  `mime_type` varchar(255) COLLATE utf8_unicode_ci DEFAULT 'NULL',
  `meta_keywords` varchar(255) COLLATE utf8_unicode_ci DEFAULT NULL,
  `meta_description` varchar(255) COLLATE utf8_unicode_ci DEFAULT NULL,
  `id_authorization_node` int(11) DEFAULT NULL,
  PRIMARY KEY (`id_page`),
  KEY `index_page` (`id_template`,`id_parent`),
  KEY `index_childpage` (`id_parent`,`page_order`)
) ENGINE=MyISAM DEFAULT CHARSET=utf8 COLLATE=utf8_unicode_ci;
/*!40101 SET character_set_client = @saved_cs_client */;

--
-- Dumping data for table `core_page`
--

LOCK TABLES `core_page` WRITE;
/*!40000 ALTER TABLE `core_page` DISABLE KEYS */;
INSERT INTO `core_page` VALUES (1,0,'Home','Home Page','2014-06-08 15:20:44',1,1,4,'2003-09-08 22:38:01','none','default',0,'','application/octet-stream',NULL,NULL,1),(2,1,'Page 1','A child page','2014-06-08 16:23:42',0,1,2,'2014-06-08 16:23:42','none','default',1,NULL,'application/octet-stream',NULL,NULL,1);
/*!40000 ALTER TABLE `core_page` ENABLE KEYS */;
UNLOCK TABLES;

--
-- Table structure for table `core_page_template`
--

DROP TABLE IF EXISTS `core_page_template`;
/*!40101 SET @saved_cs_client     = @@character_set_client */;
/*!40101 SET character_set_client = utf8 */;
CREATE TABLE `core_page_template` (
  `id_template` int(11) NOT NULL DEFAULT '0',
  `description` varchar(50) COLLATE utf8_unicode_ci DEFAULT NULL,
  `file_name` varchar(100) COLLATE utf8_unicode_ci DEFAULT NULL,
  `picture` varchar(50) COLLATE utf8_unicode_ci DEFAULT NULL,
  PRIMARY KEY (`id_template`)
) ENGINE=MyISAM DEFAULT CHARSET=utf8 COLLATE=utf8_unicode_ci;
/*!40101 SET character_set_client = @saved_cs_client */;

--
-- Dumping data for table `core_page_template`
--

LOCK TABLES `core_page_template` WRITE;
/*!40000 ALTER TABLE `core_page_template` DISABLE KEYS */;
INSERT INTO `core_page_template` VALUES (1,'Une colonne','skin/site/page_template1.html','page_template1.gif'),(2,'Deux colonnes','skin/site/page_template2.html','page_template2.gif'),(3,'Trois colonnes','skin/site/page_template3.html','page_template3.gif'),(4,'1 + 2 colonnes','skin/site/page_template4.html','page_template4.gif'),(5,'Deux colonnes égales','skin/site/page_template5.html','page_template5.gif'),(6,'Trois colonnes inégales','skin/site/page_template6.html','page_template6.gif');
/*!40000 ALTER TABLE `core_page_template` ENABLE KEYS */;
UNLOCK TABLES;

--
-- Table structure for table `core_physical_file`
--

DROP TABLE IF EXISTS `core_physical_file`;
/*!40101 SET @saved_cs_client     = @@character_set_client */;
/*!40101 SET character_set_client = utf8 */;
CREATE TABLE `core_physical_file` (
  `id_physical_file` int(11) NOT NULL DEFAULT '0',
  `file_value` mediumblob,
  PRIMARY KEY (`id_physical_file`)
) ENGINE=MyISAM DEFAULT CHARSET=utf8 COLLATE=utf8_unicode_ci;
/*!40101 SET character_set_client = @saved_cs_client */;

--
-- Dumping data for table `core_physical_file`
--

LOCK TABLES `core_physical_file` WRITE;
/*!40000 ALTER TABLE `core_physical_file` DISABLE KEYS */;
INSERT INTO `core_physical_file` VALUES (125,'<?xml version=\"1.0\"?>\r\n<xsl:stylesheet version=\"1.0\" xmlns:xsl=\"http://www.w3.org/1999/XSL/Transform\">\r\n	<xsl:output method=\"text\"/>\r\n	\r\n	<xsl:template match=\"users\">\r\n		<xsl:apply-templates select=\"user\" />\r\n	</xsl:template>\r\n	\r\n	<xsl:template match=\"user\">\r\n		<xsl:text>\"</xsl:text>\r\n		<xsl:value-of select=\"access_code\" />\r\n		<xsl:text>\";\"</xsl:text>\r\n		<xsl:value-of select=\"last_name\" />\r\n		<xsl:text>\";\"</xsl:text>\r\n		<xsl:value-of select=\"first_name\" />\r\n		<xsl:text>\";\"</xsl:text>\r\n		<xsl:value-of select=\"email\" />\r\n		<xsl:text>\";\"</xsl:text>\r\n		<xsl:value-of select=\"status\" />\r\n		<xsl:text>\";\"</xsl:text>\r\n		<xsl:value-of select=\"locale\" />\r\n		<xsl:text>\";\"</xsl:text>\r\n		<xsl:value-of select=\"level\" />\r\n		<xsl:text>\";\"</xsl:text>\r\n		<xsl:value-of select=\"must_change_password\" />\r\n		<xsl:text>\";\"</xsl:text>\r\n		<xsl:value-of select=\"accessibility_mode\" />\r\n		<xsl:text>\";\"</xsl:text>\r\n		<xsl:value-of select=\"password_max_valid_date\" />\r\n		<xsl:text>\";\"</xsl:text>\r\n		<xsl:value-of select=\"account_max_valid_date\" />\r\n		<xsl:text>\";\"</xsl:text>\r\n		<xsl:value-of select=\"date_last_login\" />\r\n		<xsl:text>\"</xsl:text>\r\n		<xsl:apply-templates select=\"roles\" />\r\n		<xsl:apply-templates select=\"rights\" />\r\n		<xsl:apply-templates select=\"workgroups\" />\r\n		<xsl:apply-templates select=\"attributes\" />\r\n		<xsl:text>&#10;</xsl:text>\r\n	</xsl:template>\r\n	\r\n	<xsl:template match=\"roles\">\r\n		<xsl:apply-templates select=\"role\" />\r\n	</xsl:template>\r\n	\r\n	<xsl:template match=\"role\">\r\n		<xsl:text>;\"role:</xsl:text>\r\n		<xsl:value-of select=\"current()\" />\r\n		<xsl:text>\"</xsl:text>\r\n	</xsl:template>\r\n	\r\n	<xsl:template match=\"rights\">\r\n		<xsl:apply-templates select=\"right\" />\r\n	</xsl:template>\r\n	\r\n	<xsl:template match=\"right\">\r\n		<xsl:text>;\"right:</xsl:text>\r\n		<xsl:value-of select=\"current()\" />\r\n		<xsl:text>\"</xsl:text>\r\n	</xsl:template>\r\n	\r\n	<xsl:template match=\"workgroups\">\r\n		<xsl:apply-templates select=\"workgroup\" />\r\n	</xsl:template>\r\n	\r\n	<xsl:template match=\"workgroup\">\r\n		<xsl:text>;\"workgroup:</xsl:text>\r\n		<xsl:value-of select=\"current()\" />\r\n		<xsl:text>\"</xsl:text>\r\n	</xsl:template>\r\n	\r\n	<xsl:template match=\"attributes\">\r\n		<xsl:apply-templates select=\"attribute\" />\r\n	</xsl:template>\r\n	\r\n	<xsl:template match=\"attribute\">\r\n		<xsl:text>;\"</xsl:text>\r\n		<xsl:value-of select=\"attribute-id\" />\r\n		<xsl:text>:</xsl:text>\r\n		<xsl:value-of select=\"attribute-field-id\" />\r\n		<xsl:text>:</xsl:text>\r\n		<xsl:value-of select=\"attribute-value\" />\r\n		<xsl:text>\"</xsl:text>\r\n	</xsl:template>\r\n	\r\n</xsl:stylesheet>'),(126,'<?xml version=\"1.0\" ?>\r\n<xsl:stylesheet version=\"1.0\" xmlns:xsl=\"http://www.w3.org/1999/XSL/Transform\">\r\n	<xsl:template match=\"/ | @* | node()\">\r\n		<xsl:copy>\r\n			<xsl:apply-templates select=\"@* | node()\" />\r\n		</xsl:copy>\r\n	</xsl:template>\r\n</xsl:stylesheet>');
/*!40000 ALTER TABLE `core_physical_file` ENABLE KEYS */;
UNLOCK TABLES;

--
-- Table structure for table `core_portal_component`
--

DROP TABLE IF EXISTS `core_portal_component`;
/*!40101 SET @saved_cs_client     = @@character_set_client */;
/*!40101 SET character_set_client = utf8 */;
CREATE TABLE `core_portal_component` (
  `id_portal_component` int(11) NOT NULL DEFAULT '0',
  `name` varchar(50) COLLATE utf8_unicode_ci DEFAULT NULL,
  PRIMARY KEY (`id_portal_component`)
) ENGINE=MyISAM DEFAULT CHARSET=utf8 COLLATE=utf8_unicode_ci;
/*!40101 SET character_set_client = @saved_cs_client */;

--
-- Dumping data for table `core_portal_component`
--

LOCK TABLES `core_portal_component` WRITE;
/*!40000 ALTER TABLE `core_portal_component` DISABLE KEYS */;
INSERT INTO `core_portal_component` VALUES (0,'Rubrique'),(1,'Article'),(2,'Rubrique Liste Article'),(3,'Menu Init'),(4,'Menu Principal'),(5,'Chemin Page'),(6,'Plan du site'),(7,'Arborescence'),(8,'Plan du site admin');
/*!40000 ALTER TABLE `core_portal_component` ENABLE KEYS */;
UNLOCK TABLES;

--
-- Table structure for table `core_portlet`
--

DROP TABLE IF EXISTS `core_portlet`;
/*!40101 SET @saved_cs_client     = @@character_set_client */;
/*!40101 SET character_set_client = utf8 */;
CREATE TABLE `core_portlet` (
  `id_portlet` int(11) NOT NULL DEFAULT '0',
  `id_portlet_type` varchar(50) COLLATE utf8_unicode_ci DEFAULT NULL,
  `id_page` int(11) DEFAULT NULL,
  `name` varchar(70) COLLATE utf8_unicode_ci DEFAULT NULL,
  `date_update` timestamp NOT NULL DEFAULT CURRENT_TIMESTAMP,
  `status` smallint(6) NOT NULL DEFAULT '0',
  `portlet_order` int(11) DEFAULT NULL,
  `column_no` int(11) DEFAULT NULL,
  `id_style` int(11) DEFAULT NULL,
  `accept_alias` smallint(6) DEFAULT NULL,
  `date_creation` timestamp NULL DEFAULT NULL,
  `display_portlet_title` int(11) NOT NULL DEFAULT '0',
  `role` varchar(50) COLLATE utf8_unicode_ci DEFAULT NULL,
  `device_display_flags` int(11) NOT NULL DEFAULT '15',
  PRIMARY KEY (`id_portlet`),
  KEY `index_portlet` (`id_page`,`id_portlet_type`,`id_style`)
) ENGINE=MyISAM DEFAULT CHARSET=utf8 COLLATE=utf8_unicode_ci;
/*!40101 SET character_set_client = @saved_cs_client */;

--
-- Dumping data for table `core_portlet`
--

LOCK TABLES `core_portlet` WRITE;
/*!40000 ALTER TABLE `core_portlet` DISABLE KEYS */;
/*!40000 ALTER TABLE `core_portlet` ENABLE KEYS */;
UNLOCK TABLES;

--
-- Table structure for table `core_portlet_alias`
--

DROP TABLE IF EXISTS `core_portlet_alias`;
/*!40101 SET @saved_cs_client     = @@character_set_client */;
/*!40101 SET character_set_client = utf8 */;
CREATE TABLE `core_portlet_alias` (
  `id_portlet` int(11) NOT NULL DEFAULT '0',
  `id_alias` int(11) NOT NULL DEFAULT '0',
  PRIMARY KEY (`id_portlet`,`id_alias`)
) ENGINE=MyISAM DEFAULT CHARSET=utf8 COLLATE=utf8_unicode_ci;
/*!40101 SET character_set_client = @saved_cs_client */;

--
-- Dumping data for table `core_portlet_alias`
--

LOCK TABLES `core_portlet_alias` WRITE;
/*!40000 ALTER TABLE `core_portlet_alias` DISABLE KEYS */;
/*!40000 ALTER TABLE `core_portlet_alias` ENABLE KEYS */;
UNLOCK TABLES;

--
-- Table structure for table `core_portlet_type`
--

DROP TABLE IF EXISTS `core_portlet_type`;
/*!40101 SET @saved_cs_client     = @@character_set_client */;
/*!40101 SET character_set_client = utf8 */;
CREATE TABLE `core_portlet_type` (
  `id_portlet_type` varchar(50) COLLATE utf8_unicode_ci NOT NULL DEFAULT '0',
  `name` varchar(255) COLLATE utf8_unicode_ci DEFAULT NULL,
  `url_creation` varchar(255) COLLATE utf8_unicode_ci DEFAULT NULL,
  `url_update` varchar(255) COLLATE utf8_unicode_ci DEFAULT NULL,
  `home_class` varchar(255) COLLATE utf8_unicode_ci DEFAULT NULL,
  `plugin_name` varchar(50) COLLATE utf8_unicode_ci DEFAULT NULL,
  `url_docreate` varchar(255) COLLATE utf8_unicode_ci DEFAULT NULL,
  `create_script` varchar(255) COLLATE utf8_unicode_ci DEFAULT NULL,
  `create_specific` varchar(255) COLLATE utf8_unicode_ci DEFAULT NULL,
  `create_specific_form` varchar(255) COLLATE utf8_unicode_ci DEFAULT NULL,
  `url_domodify` varchar(255) COLLATE utf8_unicode_ci DEFAULT NULL,
  `modify_script` varchar(255) COLLATE utf8_unicode_ci DEFAULT NULL,
  `modify_specific` varchar(255) COLLATE utf8_unicode_ci DEFAULT NULL,
  `modify_specific_form` varchar(255) COLLATE utf8_unicode_ci DEFAULT NULL,
  PRIMARY KEY (`id_portlet_type`)
) ENGINE=MyISAM DEFAULT CHARSET=utf8 COLLATE=utf8_unicode_ci;
/*!40101 SET character_set_client = @saved_cs_client */;

--
-- Dumping data for table `core_portlet_type`
--

LOCK TABLES `core_portlet_type` WRITE;
/*!40000 ALTER TABLE `core_portlet_type` DISABLE KEYS */;
INSERT INTO `core_portlet_type` VALUES ('ALIAS_PORTLET','portal.site.portletAlias.name','plugins/alias/CreatePortletAlias.jsp','plugins/alias/ModifyPortletAlias.jsp','fr.paris.lutece.portal.business.portlet.AliasPortletHome','alias','plugins/alias/DoCreatePortletAlias.jsp','/admin/portlet/script_create_portlet.html','/admin/portlet/alias/create_portlet_alias.html','','plugins/alias/DoModifyPortletAlias.jsp','/admin/portlet/script_modify_portlet.html','/admin/portlet/alias/modify_portlet_alias.html','');
/*!40000 ALTER TABLE `core_portlet_type` ENABLE KEYS */;
UNLOCK TABLES;

--
-- Table structure for table `core_role`
--

DROP TABLE IF EXISTS `core_role`;
/*!40101 SET @saved_cs_client     = @@character_set_client */;
/*!40101 SET character_set_client = utf8 */;
CREATE TABLE `core_role` (
  `role` varchar(50) COLLATE utf8_unicode_ci NOT NULL DEFAULT '',
  `role_description` varchar(255) COLLATE utf8_unicode_ci DEFAULT NULL,
  `workgroup_key` varchar(50) COLLATE utf8_unicode_ci NOT NULL DEFAULT '',
  PRIMARY KEY (`role`)
) ENGINE=MyISAM DEFAULT CHARSET=utf8 COLLATE=utf8_unicode_ci;
/*!40101 SET character_set_client = @saved_cs_client */;

--
-- Dumping data for table `core_role`
--

LOCK TABLES `core_role` WRITE;
/*!40000 ALTER TABLE `core_role` DISABLE KEYS */;
/*!40000 ALTER TABLE `core_role` ENABLE KEYS */;
UNLOCK TABLES;

--
-- Table structure for table `core_search_parameter`
--

DROP TABLE IF EXISTS `core_search_parameter`;
/*!40101 SET @saved_cs_client     = @@character_set_client */;
/*!40101 SET character_set_client = utf8 */;
CREATE TABLE `core_search_parameter` (
  `parameter_key` varchar(100) COLLATE utf8_unicode_ci NOT NULL,
  `parameter_value` mediumtext COLLATE utf8_unicode_ci,
  PRIMARY KEY (`parameter_key`)
) ENGINE=MyISAM DEFAULT CHARSET=utf8 COLLATE=utf8_unicode_ci;
/*!40101 SET character_set_client = @saved_cs_client */;

--
-- Dumping data for table `core_search_parameter`
--

LOCK TABLES `core_search_parameter` WRITE;
/*!40000 ALTER TABLE `core_search_parameter` DISABLE KEYS */;
INSERT INTO `core_search_parameter` VALUES ('type_filter','none'),('default_operator','OR'),('help_message','Message d aide pour la recherche'),('date_filter','0'),('tag_filter','0'),('taglist',NULL);
/*!40000 ALTER TABLE `core_search_parameter` ENABLE KEYS */;
UNLOCK TABLES;

--
-- Table structure for table `core_style`
--

DROP TABLE IF EXISTS `core_style`;
/*!40101 SET @saved_cs_client     = @@character_set_client */;
/*!40101 SET character_set_client = utf8 */;
CREATE TABLE `core_style` (
  `id_style` int(11) NOT NULL DEFAULT '0',
  `description_style` varchar(100) COLLATE utf8_unicode_ci NOT NULL DEFAULT '',
  `id_portlet_type` varchar(50) COLLATE utf8_unicode_ci DEFAULT NULL,
  `id_portal_component` int(11) NOT NULL DEFAULT '0',
  PRIMARY KEY (`id_style`),
  KEY `index_style` (`id_portlet_type`)
) ENGINE=MyISAM DEFAULT CHARSET=utf8 COLLATE=utf8_unicode_ci;
/*!40101 SET character_set_client = @saved_cs_client */;

--
-- Dumping data for table `core_style`
--

LOCK TABLES `core_style` WRITE;
/*!40000 ALTER TABLE `core_style` DISABLE KEYS */;
INSERT INTO `core_style` VALUES (3,'Menu Init','',3),(4,'Main Menu','',4),(5,'Chemin Page','',5),(6,'Plan du site','',6),(7,'Arborescence','',7),(8,'Plan du Site Admin',NULL,8);
/*!40000 ALTER TABLE `core_style` ENABLE KEYS */;
UNLOCK TABLES;

--
-- Table structure for table `core_style_mode_stylesheet`
--

DROP TABLE IF EXISTS `core_style_mode_stylesheet`;
/*!40101 SET @saved_cs_client     = @@character_set_client */;
/*!40101 SET character_set_client = utf8 */;
CREATE TABLE `core_style_mode_stylesheet` (
  `id_style` int(11) NOT NULL DEFAULT '0',
  `id_mode` int(11) NOT NULL DEFAULT '0',
  `id_stylesheet` int(11) NOT NULL DEFAULT '0',
  PRIMARY KEY (`id_style`,`id_mode`,`id_stylesheet`),
  KEY `index_style_mode_stylesheet` (`id_stylesheet`,`id_mode`)
) ENGINE=MyISAM DEFAULT CHARSET=utf8 COLLATE=utf8_unicode_ci;
/*!40101 SET character_set_client = @saved_cs_client */;

--
-- Dumping data for table `core_style_mode_stylesheet`
--

LOCK TABLES `core_style_mode_stylesheet` WRITE;
/*!40000 ALTER TABLE `core_style_mode_stylesheet` DISABLE KEYS */;
INSERT INTO `core_style_mode_stylesheet` VALUES (3,0,211),(4,0,213),(5,0,215),(6,0,217),(7,0,253),(8,1,279);
/*!40000 ALTER TABLE `core_style_mode_stylesheet` ENABLE KEYS */;
UNLOCK TABLES;

--
-- Table structure for table `core_stylesheet`
--

DROP TABLE IF EXISTS `core_stylesheet`;
/*!40101 SET @saved_cs_client     = @@character_set_client */;
/*!40101 SET character_set_client = utf8 */;
CREATE TABLE `core_stylesheet` (
  `id_stylesheet` int(11) NOT NULL DEFAULT '0',
  `description` varchar(255) COLLATE utf8_unicode_ci DEFAULT NULL,
  `file_name` varchar(255) COLLATE utf8_unicode_ci DEFAULT NULL,
  `source` mediumblob,
  PRIMARY KEY (`id_stylesheet`)
) ENGINE=MyISAM DEFAULT CHARSET=utf8 COLLATE=utf8_unicode_ci;
/*!40101 SET character_set_client = @saved_cs_client */;

--
-- Dumping data for table `core_stylesheet`
--

LOCK TABLES `core_stylesheet` WRITE;
/*!40000 ALTER TABLE `core_stylesheet` DISABLE KEYS */;
INSERT INTO `core_stylesheet` VALUES (253,'Pages filles - Arborescence','menu_tree.xsl','<?xml version=\"1.0\"?>\r\n<xsl:stylesheet version=\"1.0\" xmlns:xsl=\"http://www.w3.org/1999/XSL/Transform\">\r\n\r\n<xsl:param name=\"site-path\" select=\"site-path\" />\r\n\r\n<xsl:template match=\"menu-list\">\r\n	<xsl:variable name=\"menu-list\" select=\"menu\" />\r\n\r\n	<script type=\"text/javascript\">\r\n		$(document).ready(function(){\r\n			$(\"#tree\").treeview({\r\n				animated: \"fast\",\r\n				collapsed: false,\r\n				unique: true,\r\n				persist: \"cookie\"\r\n			});\r\n		\r\n		});\r\n	</script>    \r\n	\r\n	<!-- Menu Tree -->      \r\n	<xsl:if test=\"not(string(menu)=\'\')\">\r\n	    <xsl:text disable-output-escaping=\"yes\">		    \r\n            <div class=\"tree4\">		\r\n			<h2>&#160;</h2>\r\n			<ul id=\"tree\" class=\"tree4\">\r\n                <xsl:apply-templates select=\"menu\" />        \r\n			</ul>	\r\n			</div>\r\n		 	 <br />\r\n		</xsl:text> \r\n	</xsl:if>\r\n</xsl:template>\r\n\r\n\r\n<xsl:template match=\"menu\">\r\n    <xsl:variable name=\"index\">\r\n    	<xsl:number level=\"single\" value=\"position()\" />\r\n    </xsl:variable>\r\n		<li>\r\n    <!--<xsl:if test=\"$index &lt; 7\">-->        \r\n          <a href=\"{$site-path}?page_id={page-id}\" target=\"_top\" >\r\n               <xsl:value-of select=\"page-name\" />\r\n           </a>	   \r\n		   <br />\r\n		   <xsl:value-of select=\"page-description\" />\r\n		   <!--<xsl:value-of select=\"page-description\" /><br />-->		   			\r\n			<xsl:apply-templates select=\"sublevel-menu-list\" /> \r\n			\r\n		</li> 	\r\n    <!--</xsl:if>-->\r\n		\r\n</xsl:template>\r\n\r\n<xsl:template match=\"sublevel-menu-list\" > \r\n	\r\n	<xsl:apply-templates select=\"sublevel-menu\" /> 	    	\r\n\r\n</xsl:template>\r\n\r\n\r\n<xsl:template match=\"sublevel-menu\">\r\n   <xsl:variable name=\"index_sous_menu\">\r\n         <xsl:number level=\"single\" value=\"position()\" />\r\n   </xsl:variable>\r\n		 <ul >\r\n			<li>\r\n<!--	<span> -->\r\n				<a href=\"{$site-path}?page_id={page-id}\" target=\"_top\">\r\n					<xsl:value-of select=\"page-name\" />\r\n				</a>\r\n			</li>			\r\n		</ul>\r\n	<!--</span>	-->\r\n		\r\n   \r\n</xsl:template>\r\n\r\n</xsl:stylesheet>\r\n'),(215,'Chemin page','page_path.xsl','<?xml version=\"1.0\"?>\r\n<xsl:stylesheet version=\"1.0\" xmlns:xsl=\"http://www.w3.org/1999/XSL/Transform\">\r\n\r\n<xsl:param name=\"site-path\" select=\"site-path\" />\r\n\r\n\r\n<xsl:template match=\"page\">\r\n		<xsl:if test=\"position()!=last()-1\">\r\n			<a href=\"{$site-path}?page_id={page-id}\" target=\"_top\"><xsl:value-of select=\"page-name\" /></a> >\r\n		</xsl:if>\r\n		<xsl:if test=\"position()=last()-1\">\r\n			<xsl:value-of select=\"page-name\" />\r\n		</xsl:if>\r\n</xsl:template>\r\n\r\n\r\n<xsl:template match=\"page_link\">\r\n		<xsl:if test=\"position()!=last()-1\">\r\n			<a href=\"{$site-path}?{page-url}\" target=\"_top\"><xsl:value-of select=\"page-name\" /></a> >\r\n		</xsl:if>\r\n		<xsl:if test=\"position()=last()-1\">\r\n			<xsl:value-of select=\"page-name\" />\r\n		</xsl:if>\r\n</xsl:template>\r\n\r\n\r\n</xsl:stylesheet>'),(213,'Menu principal','menu_main.xsl','<?xml version=\"1.0\"?>\r\n<xsl:stylesheet version=\"1.0\"\r\n	xmlns:xsl=\"http://www.w3.org/1999/XSL/Transform\">\r\n\r\n	<xsl:param name=\"site-path\" select=\"site-path\" />\r\n\r\n	<xsl:template match=\"menu-list\">\r\n		<xsl:apply-templates select=\"menu\" />\r\n	</xsl:template>\r\n\r\n	<xsl:template match=\"menu\">\r\n		<li>\r\n			<a href=\"{$site-path}?page_id={page-id}\" class=\"first-level\" target=\"_top\">\r\n					<xsl:value-of select=\"page-name\" />\r\n			</a>\r\n		</li>\r\n	</xsl:template>\r\n\r\n</xsl:stylesheet>\r\n\r\n'),(211,'Menu Init','menu_init.xsl','<?xml version=\"1.0\"?>\r\n<xsl:stylesheet version=\"1.0\" xmlns:xsl=\"http://www.w3.org/1999/XSL/Transform\">\r\n\r\n<xsl:param name=\"site-path\" select=\"site-path\" />\r\n\r\n<xsl:template match=\"menu-list\">\r\n<br /><br />\r\n	<div id=\"menu-init\">\r\n		<div id=\"menu-init-content\">\r\n            <ul id=\"menu-verti\">\r\n                <xsl:apply-templates select=\"menu\" />\r\n            </ul>\r\n        </div>\r\n     </div>\r\n</xsl:template>\r\n\r\n\r\n<xsl:template match=\"menu\">\r\n    <xsl:variable name=\"index\">\r\n    	<xsl:number level=\"single\" value=\"position()\" />\r\n    </xsl:variable>\r\n\r\n    <xsl:if test=\"$index &gt; 7\">\r\n        <li class=\"first-verti\">\r\n        	<a href=\"{$site-path}?page_id={page-id}\" target=\"_top\">\r\n          		<xsl:value-of select=\"page-name\" />\r\n	        </a>\r\n    	    <xsl:apply-templates select=\"sublevel-menu-list\" />\r\n        </li>\r\n   </xsl:if>\r\n</xsl:template>\r\n\r\n<xsl:template match=\"sublevel-menu-list\" >\r\n	<ul>\r\n    	<li class=\"last-verti\">\r\n		 	<xsl:apply-templates select=\"sublevel-menu\" />\r\n 	    </li>\r\n    </ul>\r\n</xsl:template>\r\n\r\n<xsl:template match=\"sublevel-menu\">\r\n   <xsl:variable name=\"index_sous_menu\">\r\n         <xsl:number level=\"single\" value=\"position()\" />\r\n   </xsl:variable>\r\n\r\n   <a href=\"{$site-path}?page_id={page-id}\" target=\"_top\">\r\n		<span><xsl:value-of select=\"page-name\" /></span>\r\n   </a>\r\n</xsl:template>\r\n\r\n</xsl:stylesheet>\r\n'),(217,'Plan du site','site_map.xsl','<?xml version=\"1.0\" encoding=\"ISO-8859-1\"?>\r\n<xsl:stylesheet version=\"1.0\" xmlns:xsl=\"http://www.w3.org/1999/XSL/Transform\">\r\n\r\n<xsl:param name=\"site-path\" select=\"site-path\" />\r\n\r\n\r\n<xsl:template match=\"page[page-level=0]\">\r\n	<div class=\"span-15 prepend-1 append-1 append-bottom\">\r\n		<div class=\"portlet -lutece-border-radius\">\r\n			<xsl:apply-templates select=\"child-pages-list\" />\r\n		</div>\r\n	</div>\r\n</xsl:template>\r\n\r\n\r\n<xsl:template match=\"page[page-level=1]\" >\r\n<ul class=\"site-map-level-one\">\r\n	<li>\r\n		<a href=\"{$site-path}?page_id={page-id}\" target=\"_top\">\r\n			<xsl:value-of select=\"page-name\" />\r\n		</a>\r\n		<xsl:apply-templates select=\"page-description\" />\r\n		<xsl:apply-templates select=\"page-image\" />\r\n		<xsl:apply-templates select=\"child-pages-list\" />\r\n	    <xsl:text disable-output-escaping=\"yes\">\r\n		    <![CDATA[<div class=\"clear\">&#160;</div>]]>\r\n	    </xsl:text>\r\n	</li>\r\n</ul>\r\n</xsl:template>\r\n\r\n\r\n<xsl:template match=\"page[page-level=2]\" >\r\n<ul class=\"site-map-level-two\">\r\n	<li>\r\n		<a href=\"{$site-path}?page_id={page-id}\" target=\"_top\">\r\n			<xsl:value-of select=\"page-name\" />\r\n		</a>\r\n		<xsl:apply-templates select=\"page-description\" />\r\n		<xsl:apply-templates select=\"child-pages-list\" />\r\n	</li>\r\n</ul>\r\n</xsl:template>\r\n\r\n\r\n<xsl:template match=\"page[page-level>2]\" >\r\n<ul class=\"site-map-level-highest\">\r\n	<li>\r\n		<a href=\"{$site-path}?page_id={page-id}\" target=\"_top\">\r\n			<xsl:value-of select=\"page-name\" />\r\n		</a>\r\n		<xsl:apply-templates select=\"page-description\" />\r\n		<xsl:apply-templates select=\"child-pages-list\" />\r\n	</li>\r\n</ul>\r\n</xsl:template>\r\n\r\n\r\n<xsl:template match=\"page-description\">\r\n	<br /><xsl:value-of select=\".\" />\r\n</xsl:template>\r\n\r\n\r\n<xsl:template match=\"child-pages-list[page-level=0]\">\r\n	<xsl:if test=\"count(page)>0\" >\r\n		<xsl:apply-templates select=\"page\" />\r\n    </xsl:if>\r\n</xsl:template>\r\n\r\n\r\n<xsl:template match=\"child-pages-list[page-level=1]\">\r\n	<xsl:if test=\"count(page)>0\" >\r\n		<xsl:apply-templates select=\"page\" />\r\n    </xsl:if>\r\n</xsl:template>\r\n\r\n\r\n<xsl:template match=\"child-pages-list[page-level=2]\">\r\n	<xsl:if test=\"count(page)>0\" >\r\n		<xsl:apply-templates select=\"page\" />\r\n    </xsl:if>\r\n</xsl:template>\r\n\r\n<xsl:template match=\"child-pages-list[page-level>2]\">\r\n	<xsl:if test=\"count(page)>0\" >\r\n		<xsl:apply-templates select=\"page\" />\r\n    </xsl:if>\r\n</xsl:template>\r\n\r\n\r\n<xsl:template match=\"page-image\">\r\n	<div class=\"level-one-image\">\r\n    	<div class=\"polaroid\">\r\n		<img  border=\"0\" width=\"80\" height=\"80\" src=\"images/local/data/pages/{.}\" alt=\"\" />\r\n         </div>\r\n	</div >\r\n</xsl:template>\r\n\r\n\r\n</xsl:stylesheet>\r\n'),(279,'Plan du Site module d\'Administration','admin_site_map_admin.xsl','<?xml version=\"1.0\"?>\r\n<xsl:stylesheet version=\"1.0\" xmlns:xsl=\"http://www.w3.org/1999/XSL/Transform\">\r\n<xsl:param name=\"site-path\" select=\"site-path\" />\r\n<xsl:variable name=\"current-page-id\" select=\"current-page-id\" />\r\n\r\n<xsl:template match=\"page[page-level=0]\"> \r\n	<div id=\"tree\" class=\"jstree-default\">\r\n		<a href=\"{$site-path}?page_id={page-id}\" title=\"{page-description}\" >\r\n			<xsl:value-of select=\"page-name\" />\r\n			<xsl:if test=\"not(string(page-role)=\'none\')\"> \r\n				<strong><xsl:text disable-output-escaping=\"yes\">- #i18n{portal.site.admin_page.tabAdminMapRoleReserved}</xsl:text>\r\n				<xsl:value-of select=\"page-role\" /></strong>\r\n			</xsl:if>            \r\n		</a>\r\n		<ul>\r\n			<xsl:apply-templates select=\"child-pages-list\" />\r\n		</ul>\r\n	</div>\r\n</xsl:template>\r\n    \r\n<xsl:template match=\"page[page-level>0]\" >\r\n	<xsl:variable name=\"index\" select=\"page-id\" />\r\n	<xsl:variable name=\"description\" select=\"page-description\" />\r\n	\r\n	<li id=\"node-{$index}\">\r\n		<a href=\"{$site-path}?page_id={page-id}\" title=\"{$description}\">\r\n		<xsl:value-of select=\"page-name\" />\r\n			<xsl:if test=\"not(string(page-role)=\'none\')\">\r\n				<strong>\r\n				  <xsl:text disable-output-escaping=\"yes\">#i18n{portal.site.admin_page.tabAdminMapRoleReserved}</xsl:text><xsl:value-of select=\"page-role\" />\r\n				</strong>\r\n			</xsl:if>\r\n		</a>\r\n		<xsl:choose>\r\n			<xsl:when test=\"count(child-pages-list/*)>0\">\r\n				<ul>\r\n				   <xsl:apply-templates select=\"child-pages-list\" />\r\n				</ul>\r\n			</xsl:when>\r\n		   <xsl:otherwise>\r\n				<xsl:apply-templates select=\"child-pages-list\" />\r\n		   </xsl:otherwise>\r\n		</xsl:choose>\r\n	</li>\r\n</xsl:template>\r\n    \r\n<xsl:template match=\"child-pages-list\">\r\n	<xsl:apply-templates select=\"page\" />\r\n</xsl:template>\r\n    \r\n</xsl:stylesheet>\r\n');
/*!40000 ALTER TABLE `core_stylesheet` ENABLE KEYS */;
UNLOCK TABLES;

--
-- Table structure for table `core_template`
--

DROP TABLE IF EXISTS `core_template`;
/*!40101 SET @saved_cs_client     = @@character_set_client */;
/*!40101 SET character_set_client = utf8 */;
CREATE TABLE `core_template` (
  `template_name` varchar(100) COLLATE utf8_unicode_ci NOT NULL,
  `template_value` mediumtext COLLATE utf8_unicode_ci,
  PRIMARY KEY (`template_name`)
) ENGINE=MyISAM DEFAULT CHARSET=utf8 COLLATE=utf8_unicode_ci;
/*!40101 SET character_set_client = @saved_cs_client */;

--
-- Dumping data for table `core_template`
--

LOCK TABLES `core_template` WRITE;
/*!40000 ALTER TABLE `core_template` DISABLE KEYS */;
INSERT INTO `core_template` VALUES ('core_first_alert_mail','Bonjour ${first_name} ! Votre compte utilisateur arrive à expiration. Pour prolonger sa validité, veuillez <a href=\"${url}\">cliquer ici</a>.</br>Si vous ne le faites pas avant le ${date_valid}, il sera désactivé.'),('core_expiration_mail','Bonjour ${first_name} ! Votre compte a expiré. Vous ne pourrez plus vous connecter avec, et les données vous concernant ont été anonymisées'),('core_other_alert_mail','Bonjour ${first_name} ! Votre compte utilisateur arrive à expiration. Pour prolonger sa validité, veuillez <a href=\"${url}\">cliquer ici</a>.</br>Si vous ne le faites pas avant le ${date_valid}, il sera désactivé.'),('core_account_reactivated_mail','Bonjour ${first_name} ! Votre compte utilisateur a bien été réactivé. Il est désormais valable jusqu\'au ${date_valid}.'),('core_password_expired','Bonjour ! Votre mot de passe a expiré. Lors de votre prochaine connexion, vous pourrez le changer.');
/*!40000 ALTER TABLE `core_template` ENABLE KEYS */;
UNLOCK TABLES;

--
-- Table structure for table `core_text_editor`
--

DROP TABLE IF EXISTS `core_text_editor`;
/*!40101 SET @saved_cs_client     = @@character_set_client */;
/*!40101 SET character_set_client = utf8 */;
CREATE TABLE `core_text_editor` (
  `editor_name` varchar(255) COLLATE utf8_unicode_ci NOT NULL,
  `editor_description` varchar(255) COLLATE utf8_unicode_ci NOT NULL,
  `backOffice` smallint(6) NOT NULL,
  PRIMARY KEY (`editor_name`,`backOffice`)
) ENGINE=MyISAM DEFAULT CHARSET=utf8 COLLATE=utf8_unicode_ci;
/*!40101 SET character_set_client = @saved_cs_client */;

--
-- Dumping data for table `core_text_editor`
--

LOCK TABLES `core_text_editor` WRITE;
/*!40000 ALTER TABLE `core_text_editor` DISABLE KEYS */;
INSERT INTO `core_text_editor` VALUES ('tinymce','portal.globalmanagement.editors.labelBackTinyMCE',1),('','portal.globalmanagement.editors.labelBackNoEditor',1),('','portal.globalmanagement.editors.labelFrontNoEditor',0),('markitupbbcode','portal.globalmanagement.editors.labelFrontMarkitupBBCode',0);
/*!40000 ALTER TABLE `core_text_editor` ENABLE KEYS */;
UNLOCK TABLES;

--
-- Table structure for table `core_user_password_history`
--

DROP TABLE IF EXISTS `core_user_password_history`;
/*!40101 SET @saved_cs_client     = @@character_set_client */;
/*!40101 SET character_set_client = utf8 */;
CREATE TABLE `core_user_password_history` (
  `id_user` int(11) NOT NULL,
  `password` mediumtext COLLATE utf8_unicode_ci NOT NULL,
  `date_password_change` timestamp NOT NULL DEFAULT CURRENT_TIMESTAMP,
  PRIMARY KEY (`id_user`,`date_password_change`)
) ENGINE=MyISAM DEFAULT CHARSET=utf8 COLLATE=utf8_unicode_ci;
/*!40101 SET character_set_client = @saved_cs_client */;

--
-- Dumping data for table `core_user_password_history`
--

LOCK TABLES `core_user_password_history` WRITE;
/*!40000 ALTER TABLE `core_user_password_history` DISABLE KEYS */;
/*!40000 ALTER TABLE `core_user_password_history` ENABLE KEYS */;
UNLOCK TABLES;

--
-- Table structure for table `core_user_preferences`
--

DROP TABLE IF EXISTS `core_user_preferences`;
/*!40101 SET @saved_cs_client     = @@character_set_client */;
/*!40101 SET character_set_client = utf8 */;
CREATE TABLE `core_user_preferences` (
  `id_user` varchar(100) COLLATE utf8_unicode_ci NOT NULL,
  `pref_key` varchar(100) COLLATE utf8_unicode_ci NOT NULL,
  `pref_value` mediumtext COLLATE utf8_unicode_ci,
  PRIMARY KEY (`id_user`,`pref_key`),
  KEY `index_user_preferences` (`id_user`)
) ENGINE=MyISAM DEFAULT CHARSET=utf8 COLLATE=utf8_unicode_ci;
/*!40101 SET character_set_client = @saved_cs_client */;

--
-- Dumping data for table `core_user_preferences`
--

LOCK TABLES `core_user_preferences` WRITE;
/*!40000 ALTER TABLE `core_user_preferences` DISABLE KEYS */;
/*!40000 ALTER TABLE `core_user_preferences` ENABLE KEYS */;
UNLOCK TABLES;

--
-- Table structure for table `core_user_right`
--

DROP TABLE IF EXISTS `core_user_right`;
/*!40101 SET @saved_cs_client     = @@character_set_client */;
/*!40101 SET character_set_client = utf8 */;
CREATE TABLE `core_user_right` (
  `id_right` varchar(255) COLLATE utf8_unicode_ci NOT NULL DEFAULT '',
  `id_user` int(11) NOT NULL DEFAULT '0',
  PRIMARY KEY (`id_right`,`id_user`),
  KEY `index_user_right` (`id_user`)
) ENGINE=MyISAM DEFAULT CHARSET=utf8 COLLATE=utf8_unicode_ci;
/*!40101 SET character_set_client = @saved_cs_client */;

--
-- Dumping data for table `core_user_right`
--

LOCK TABLES `core_user_right` WRITE;
/*!40000 ALTER TABLE `core_user_right` DISABLE KEYS */;
INSERT INTO `core_user_right` VALUES ('APPCENTER_MANAGEMENT',1),('CORE_ADMIN_SITE',1),('CORE_ADMIN_SITE',2),('CORE_ADMINDASHBOARD_MANAGEMENT',1),('CORE_CACHE_MANAGEMENT',1),('CORE_DAEMONS_MANAGEMENT',1),('CORE_DASHBOARD_MANAGEMENT',1),('CORE_EXTERNAL_FEATURES_MANAGEMENT',1),('CORE_EXTERNAL_FEATURES_MANAGEMENT',2),('CORE_FEATURES_MANAGEMENT',1),('CORE_GLOBAL_MANAGEMENT',1),('CORE_LEVEL_RIGHT_MANAGEMENT',1),('CORE_LINK_SERVICE_MANAGEMENT',1),('CORE_LINK_SERVICE_MANAGEMENT',2),('CORE_LOGS_VISUALISATION',1),('CORE_MAILINGLISTS_MANAGEMENT',1),('CORE_MODES_MANAGEMENT',1),('CORE_PAGE_TEMPLATE_MANAGEMENT',1),('CORE_PAGE_TEMPLATE_MANAGEMENT',2),('CORE_PLUGINS_MANAGEMENT',1),('CORE_PROPERTIES_MANAGEMENT',1),('CORE_PROPERTIES_MANAGEMENT',2),('CORE_RBAC_MANAGEMENT',1),('CORE_RIGHT_MANAGEMENT',1),('CORE_ROLES_MANAGEMENT',1),('CORE_ROLES_MANAGEMENT',2),('CORE_SEARCH_INDEXATION',1),('CORE_SEARCH_INDEXATION',2),('CORE_SEARCH_MANAGEMENT',1),('CORE_SEARCH_MANAGEMENT',2),('CORE_STYLES_MANAGEMENT',1),('CORE_STYLESHEET_MANAGEMENT',1),('CORE_USERS_MANAGEMENT',1),('CORE_USERS_MANAGEMENT',2),('CORE_WORKGROUPS_MANAGEMENT',1),('CORE_WORKGROUPS_MANAGEMENT',2),('CORE_XSL_EXPORT_MANAGEMENT',1),('WORKFLOW_MANAGEMENT',1),('WORKFLOW_MANAGEMENT',2);
/*!40000 ALTER TABLE `core_user_right` ENABLE KEYS */;
UNLOCK TABLES;

--
-- Table structure for table `core_user_role`
--

DROP TABLE IF EXISTS `core_user_role`;
/*!40101 SET @saved_cs_client     = @@character_set_client */;
/*!40101 SET character_set_client = utf8 */;
CREATE TABLE `core_user_role` (
  `role_key` varchar(50) COLLATE utf8_unicode_ci NOT NULL DEFAULT '',
  `id_user` int(11) NOT NULL DEFAULT '0',
  PRIMARY KEY (`role_key`,`id_user`)
) ENGINE=MyISAM DEFAULT CHARSET=utf8 COLLATE=utf8_unicode_ci;
/*!40101 SET character_set_client = @saved_cs_client */;

--
-- Dumping data for table `core_user_role`
--

LOCK TABLES `core_user_role` WRITE;
/*!40000 ALTER TABLE `core_user_role` DISABLE KEYS */;
INSERT INTO `core_user_role` VALUES ('all_site_manager',1),('all_site_manager',2),('super_admin',1),('super_admin',2),('workflow_manager',1),('workflow_manager',2);
/*!40000 ALTER TABLE `core_user_role` ENABLE KEYS */;
UNLOCK TABLES;

--
-- Table structure for table `core_xsl_export`
--

DROP TABLE IF EXISTS `core_xsl_export`;
/*!40101 SET @saved_cs_client     = @@character_set_client */;
/*!40101 SET character_set_client = utf8 */;
CREATE TABLE `core_xsl_export` (
  `id_xsl_export` int(11) NOT NULL,
  `title` varchar(255) COLLATE utf8_unicode_ci DEFAULT NULL,
  `description` varchar(255) COLLATE utf8_unicode_ci DEFAULT NULL,
  `extension` varchar(255) COLLATE utf8_unicode_ci DEFAULT NULL,
  `id_file` int(11) DEFAULT NULL,
  `plugin` varchar(255) COLLATE utf8_unicode_ci DEFAULT '',
  PRIMARY KEY (`id_xsl_export`)
) ENGINE=MyISAM DEFAULT CHARSET=utf8 COLLATE=utf8_unicode_ci;
/*!40101 SET character_set_client = @saved_cs_client */;

--
-- Dumping data for table `core_xsl_export`
--

LOCK TABLES `core_xsl_export` WRITE;
/*!40000 ALTER TABLE `core_xsl_export` DISABLE KEYS */;
INSERT INTO `core_xsl_export` VALUES (125,'Coeur - Export CSV des administrateurs','Export des utilisateurs back office dans un fichier CSV','csv',125,'core'),(126,'Coeur - Export XML des administrateurs','Export des utilisateurs back office dans un fichier XML','xml',126,'core');
/*!40000 ALTER TABLE `core_xsl_export` ENABLE KEYS */;
UNLOCK TABLES;

--
-- Table structure for table `workflow_action`
--

DROP TABLE IF EXISTS `workflow_action`;
/*!40101 SET @saved_cs_client     = @@character_set_client */;
/*!40101 SET character_set_client = utf8 */;
CREATE TABLE `workflow_action` (
  `id_action` int(11) NOT NULL AUTO_INCREMENT,
  `name` varchar(255) COLLATE utf8_unicode_ci DEFAULT NULL,
  `description` mediumtext COLLATE utf8_unicode_ci,
  `id_workflow` int(11) DEFAULT NULL,
  `id_state_before` int(11) DEFAULT NULL,
  `id_state_after` int(11) DEFAULT NULL,
  `id_icon` int(11) DEFAULT NULL,
  `is_automatic` smallint(6) DEFAULT '0',
  `is_mass_action` smallint(6) DEFAULT '0',
  `display_order` int(11) DEFAULT '0',
  `is_automatic_reflexive_action` smallint(6) DEFAULT '0',
  PRIMARY KEY (`id_action`),
  KEY `action_id_workflow_fk` (`id_workflow`),
  KEY `action_id_state_before_fk` (`id_state_before`),
  KEY `action_id_state_after_fk` (`id_state_after`),
  KEY `action_id_icon_fk` (`id_icon`)
) ENGINE=MyISAM AUTO_INCREMENT=802 DEFAULT CHARSET=utf8 COLLATE=utf8_unicode_ci;
/*!40101 SET character_set_client = @saved_cs_client */;

--
-- Dumping data for table `workflow_action`
--

LOCK TABLES `workflow_action` WRITE;
/*!40000 ALTER TABLE `workflow_action` DISABLE KEYS */;
INSERT INTO `workflow_action` VALUES (100,'Creation de la demande d\'accès au SVN','Creation de la demande d\'accès au SVN',100,100,101,3,1,0,1,0),(200,'Creation de la demande de configuration de l\'authentification front office','Creation de la demande de configuration de l\'authentification front office',200,200,201,3,1,0,1,0),(300,'Creation de la demande d\'ajout de liens MonCompte','Creation de la demande d\'ajouts de liens MonCompte',300,300,301,3,1,0,1,0),(400,'Creation de la demande de paramétrage NotifyGRU','Creation de la demande de paramétrage NotifyGRU',400,400,401,3,1,0,1,0),(500,'Creation de la demande de paramétrage Identitystore','Creation de la demande de paramétrage Identitystore',500,500,501,3,1,0,1,0),(600,'Creation de la demande d\'application FastDeploy','Creation de la demande d\'application FastDeploy',600,600,601,3,1,0,1,0),(700,'Creation de la demande d\'intégration continue','Creation de la demande d\'intégration continue',700,700,701,3,1,0,1,0),(800,'Creation de la demande de configuration de la notification vers le guichet profesionnel','Creation de la demande de configuration de la notification vers le guichet professionnel',800,800,801,3,1,0,1,0),(101,'Traiter la demande d\'accès au SVN','Traiter la demande d\'accès au SVN',100,101,102,3,0,0,2,0),(201,'Traiter la demande de configuration de l\'authentification front office','Traiter la demande de configuration de l\'authentification front office',200,201,202,3,0,0,2,0),(301,'Traiter la demande d\'ajout de liens MonCompte','Traiter la demande d\'ajout de liens MonCompte',300,301,302,3,0,0,2,0),(401,'Traiter la demande de paramétrage NotifyGRU','Traiter la demande de paramétrage NotifyGRU',400,401,402,3,0,0,2,0),(501,'Traiter la demande de paramétrage IdentityStore','Traiter la demande de paramétrage IdentityStore',500,501,502,3,0,0,2,0),(601,'Traiter la demande de creation d\'une application FastDeploy','Traiter la demande de creation d\'une application FastDeploy',600,601,602,3,0,0,2,0),(701,'Traiter la demande de paramétrage d\'intégration continue','Traiter la demande de paramétrage d\'intégration continue',700,701,702,3,0,0,2,0),(801,'Traiter la demande de configuration de la notification vers le guichet professionnel','Traiter la demande de configuration de la notification vers le guichet professionnel',800,801,802,3,0,0,2,0);
/*!40000 ALTER TABLE `workflow_action` ENABLE KEYS */;
UNLOCK TABLES;

--
-- Table structure for table `workflow_action_action`
--

DROP TABLE IF EXISTS `workflow_action_action`;
/*!40101 SET @saved_cs_client     = @@character_set_client */;
/*!40101 SET character_set_client = utf8 */;
CREATE TABLE `workflow_action_action` (
  `id_action` int(11) NOT NULL DEFAULT '0',
  `id_linked_action` int(11) NOT NULL DEFAULT '0',
  PRIMARY KEY (`id_action`,`id_linked_action`)
) ENGINE=MyISAM DEFAULT CHARSET=utf8 COLLATE=utf8_unicode_ci;
/*!40101 SET character_set_client = @saved_cs_client */;

--
-- Dumping data for table `workflow_action_action`
--

LOCK TABLES `workflow_action_action` WRITE;
/*!40000 ALTER TABLE `workflow_action_action` DISABLE KEYS */;
/*!40000 ALTER TABLE `workflow_action_action` ENABLE KEYS */;
UNLOCK TABLES;

--
-- Table structure for table `workflow_assignment_history`
--

DROP TABLE IF EXISTS `workflow_assignment_history`;
/*!40101 SET @saved_cs_client     = @@character_set_client */;
/*!40101 SET character_set_client = utf8 */;
CREATE TABLE `workflow_assignment_history` (
  `id_history` int(11) NOT NULL DEFAULT '0',
  `id_task` int(11) NOT NULL,
  `workgroup_key` varchar(255) COLLATE utf8_unicode_ci NOT NULL,
  PRIMARY KEY (`id_history`,`id_task`,`workgroup_key`),
  KEY `assignment_id_history_fk` (`id_history`),
  KEY `assignment_id_task_fk` (`id_task`)
) ENGINE=MyISAM DEFAULT CHARSET=utf8 COLLATE=utf8_unicode_ci;
/*!40101 SET character_set_client = @saved_cs_client */;

--
-- Dumping data for table `workflow_assignment_history`
--

LOCK TABLES `workflow_assignment_history` WRITE;
/*!40000 ALTER TABLE `workflow_assignment_history` DISABLE KEYS */;
/*!40000 ALTER TABLE `workflow_assignment_history` ENABLE KEYS */;
UNLOCK TABLES;

--
-- Table structure for table `workflow_icon`
--

DROP TABLE IF EXISTS `workflow_icon`;
/*!40101 SET @saved_cs_client     = @@character_set_client */;
/*!40101 SET character_set_client = utf8 */;
CREATE TABLE `workflow_icon` (
  `id_icon` int(11) NOT NULL AUTO_INCREMENT,
  `name` varchar(255) COLLATE utf8_unicode_ci DEFAULT NULL,
  `mime_type` varchar(50) COLLATE utf8_unicode_ci DEFAULT NULL,
  `file_value` mediumblob,
  `width` int(11) DEFAULT NULL,
  `height` int(11) DEFAULT NULL,
  PRIMARY KEY (`id_icon`)
) ENGINE=MyISAM AUTO_INCREMENT=4 DEFAULT CHARSET=utf8 COLLATE=utf8_unicode_ci;
/*!40101 SET character_set_client = @saved_cs_client */;

--
-- Dumping data for table `workflow_icon`
--

LOCK TABLES `workflow_icon` WRITE;
/*!40000 ALTER TABLE `workflow_icon` DISABLE KEYS */;
INSERT INTO `workflow_icon` VALUES (1,'Valider','image/png','PNG\r\n\Z\n\0\0\0\rIHDR\0\0\0\0\0\0\0\0\0ש\0\0PLTEӲ۳Ώwc}}}O~GqNNN\rʺïϭة֤գԴǧɋɣ}zxvrfb_]YXWUTyyywwwuuuN}sssLynnnItHsGr[htGlBjBi___@f]^^=b<`VY[<_~PZ`VVV5VtOOOKOR3Rn3Qk2Qm@LT:M^HHH<AC<?A)AX<<<1>I(=Q&<Q$:O\'9J&9I$7I,5;-01!2B&08,,,-=+:\'\'\'#(,%%%$$$(	S%\0\0\0tRNS\0@f\0\0\0IDATxc`Ffl\\bb\ZX$llKx90\rE)U/fUe⑺\Zu;yY|V&\ZS?Xu7ؒY6Z5pV;10r#fvcrΜƉdtgOtOX{J\05\nL\nTFq+Kz}Tm[BBE%R5тɮN$&RI2i	z,U!颈%ٛ\'Gp`:%v5Vi\0\0K+; \0\0\0\0IENDB`',14,14),(2,'Refuser','image/png','PNG\r\n\Z\n\0\0\0\rIHDR\0\0\0\0\0\0\0\0\0ש\0\0CPLTEL6;\":\"Ǵ;žxhqqqN7M7M6mmm;\";\";\"___;\";\";\";$9\"\\\\\\8!WWWTTT.NL<--ݍ}pp[o[raram[n^fScN_I~~~zzzcTxxxvvvVAR:ttt[JrrrnnnM6llljjjF/A)cccF2?\'?(=%;\">\'<$=&:\":#9\"9\"7 6 :&5!QQQ11/0//,&&>>>P3.;86e$F/*\\%50.W!B 9\";\Z&&&<N\rI$$$3A7\Z5.- ,.107%\Z&\Z/$(\n\"\r#%\n,!			Vo\0\0\0tRNS\0@f\0\0sIDATxc`.fcq1skA؁KqAfdr0پkS7K1%eY\nq00.4\r<ESK}F8xITYxxXflInLjW5讜;`Ndb7,*W \nw/+{%/j붩H^6Zkl!iw&\r5MzmVܜH>k\'l-nfGؑP٠ww(-kʛl\'[[efj.?%(Wb0PX%\"dY$LUV	Ab[]\'h\'ΊuPKEdUv#=lnN6Hc3qK\071P\0\0\0\0IENDB`',14,14),(3,'Commentaire','image/png','PNG\r\n\Z\n\0\0\0\rIHDR\0\0\0 \0\0\0 \0\0\0szz\0\0\0gAMA\0\0ܲ\0\0xIDATxŖMle͇\rd4!(@\"N8J{májHQR7j*=*U\n@|@LlކuL$\'1g<3>=D٬v~4yy\0g	nܿӧO<˲4-\0+xԩ߬۷x<M$	H$m:~]\0sիw:wuuvlA$IrH&xKKKQƘVl\"$I\\ ~Y	`lT(H7ʛ&es9f(SPJ511Ȱܹs޵kWH2dln	N@eq0Msj\rB!\\	xGNLb~dz>\Z qZ1ܹvhhvY\nP]Ws|ZK,}}\0c\\aQqp8]$Y=:244tƍI$Y\0,X\Z\Z:0\0iª }Ń[,ᘮ	ҥKWcŋutt?-,,cE?84\n\0\0Y `0=g޽{aؚۈn^Vd3<%	*\r	\0UU166v+=\0茱ONR]߽{Wo>=$a/PNxZY+]$!HеkFEf=<^z*\nٝNޞnW>($_ce~mðUUv`0\Z3\Z\0g<yX,x<(H*ҙҟ||(ٳg\0d^\"R%899exp?Q]U\"V\0/_\\}\0XuwRe<]nEqx/[׵}K9aKzF4\Z0ZPYo]yȮ. zlZ\'r`h͖7\nSL\0D߿oদ&:t@(\08\02,Rl6[T*EDDaa(\n]|DQ;vБ#G֭[DDd&iFQ>/[UURU2ݼy3\0$@gggK&0MݻGw&\0JW\\!UUIu4m#:@&!EQ\0Ԕ8{o,-//`3ě7ohpp\0L&CUUدi\ZI?ZZZ\0HΟ?sv;\0pI|>B$477j10 \"\0c@8sWD\0JΏNQ4ڣGΝ;)S*\"EQ(JQ8Y\0{i^1pZ~1	qፎ \"躎l69H0\0J\' kjjŋrC&cL$]0\"\"Z]]h4J<H$BDDǎ@?4$ɕBi9k&4^~t:@eF* \0.nb> QknwC{{{CgggM__V+\0`qqx<>_)އB?i7@Z?r\\n|X,O%\0\0\0h0@oz*M]<6H \0\0\0\0IENDB`',14,14);
/*!40000 ALTER TABLE `workflow_icon` ENABLE KEYS */;
UNLOCK TABLES;

--
-- Table structure for table `workflow_prerequisite`
--

DROP TABLE IF EXISTS `workflow_prerequisite`;
/*!40101 SET @saved_cs_client     = @@character_set_client */;
/*!40101 SET character_set_client = utf8 */;
CREATE TABLE `workflow_prerequisite` (
  `id_prerequisite` int(11) NOT NULL,
  `id_action` int(11) NOT NULL,
  `prerequisite_type` varchar(255) COLLATE utf8_unicode_ci NOT NULL,
  PRIMARY KEY (`id_prerequisite`)
) ENGINE=MyISAM DEFAULT CHARSET=utf8 COLLATE=utf8_unicode_ci;
/*!40101 SET character_set_client = @saved_cs_client */;

--
-- Dumping data for table `workflow_prerequisite`
--

LOCK TABLES `workflow_prerequisite` WRITE;
/*!40000 ALTER TABLE `workflow_prerequisite` DISABLE KEYS */;
/*!40000 ALTER TABLE `workflow_prerequisite` ENABLE KEYS */;
UNLOCK TABLES;

--
-- Table structure for table `workflow_prerequisite_duration_cf`
--

DROP TABLE IF EXISTS `workflow_prerequisite_duration_cf`;
/*!40101 SET @saved_cs_client     = @@character_set_client */;
/*!40101 SET character_set_client = utf8 */;
CREATE TABLE `workflow_prerequisite_duration_cf` (
  `id_prerequisite` int(11) NOT NULL,
  `duration` int(11) NOT NULL,
  PRIMARY KEY (`id_prerequisite`)
) ENGINE=MyISAM DEFAULT CHARSET=utf8 COLLATE=utf8_unicode_ci;
/*!40101 SET character_set_client = @saved_cs_client */;

--
-- Dumping data for table `workflow_prerequisite_duration_cf`
--

LOCK TABLES `workflow_prerequisite_duration_cf` WRITE;
/*!40000 ALTER TABLE `workflow_prerequisite_duration_cf` DISABLE KEYS */;
/*!40000 ALTER TABLE `workflow_prerequisite_duration_cf` ENABLE KEYS */;
UNLOCK TABLES;

--
-- Table structure for table `workflow_resource_history`
--

DROP TABLE IF EXISTS `workflow_resource_history`;
/*!40101 SET @saved_cs_client     = @@character_set_client */;
/*!40101 SET character_set_client = utf8 */;
CREATE TABLE `workflow_resource_history` (
  `id_history` int(11) NOT NULL AUTO_INCREMENT,
  `id_resource` int(11) DEFAULT NULL,
  `resource_type` varchar(255) COLLATE utf8_unicode_ci DEFAULT NULL,
  `id_workflow` int(11) DEFAULT NULL,
  `id_action` int(11) DEFAULT NULL,
  `creation_date` timestamp NOT NULL DEFAULT CURRENT_TIMESTAMP,
  `user_access_code` varchar(255) COLLATE utf8_unicode_ci DEFAULT NULL,
  PRIMARY KEY (`id_history`),
  KEY `history_id_workflow_fk` (`id_workflow`),
  KEY `history_id_action_fk` (`id_action`)
) ENGINE=MyISAM AUTO_INCREMENT=2 DEFAULT CHARSET=utf8 COLLATE=utf8_unicode_ci;
/*!40101 SET character_set_client = @saved_cs_client */;

--
-- Dumping data for table `workflow_resource_history`
--

LOCK TABLES `workflow_resource_history` WRITE;
/*!40000 ALTER TABLE `workflow_resource_history` DISABLE KEYS */;
INSERT INTO `workflow_resource_history` VALUES (1,1,'DEMANDCENTER_DEMAND_SOURCE',100,100,'2017-08-17 10:24:13','auto');
/*!40000 ALTER TABLE `workflow_resource_history` ENABLE KEYS */;
UNLOCK TABLES;

--
-- Table structure for table `workflow_resource_workflow`
--

DROP TABLE IF EXISTS `workflow_resource_workflow`;
/*!40101 SET @saved_cs_client     = @@character_set_client */;
/*!40101 SET character_set_client = utf8 */;
CREATE TABLE `workflow_resource_workflow` (
  `id_resource` int(11) NOT NULL DEFAULT '0',
  `resource_type` varchar(255) COLLATE utf8_unicode_ci NOT NULL,
  `id_state` int(11) DEFAULT NULL,
  `id_workflow` int(11) NOT NULL,
  `id_external_parent` int(11) DEFAULT NULL,
  `is_associated_workgroups` smallint(6) DEFAULT '0',
  PRIMARY KEY (`id_resource`,`resource_type`,`id_workflow`),
  KEY `workflow_resource_workflow_id_resource_fk` (`id_resource`),
  KEY `workflow_resource_workflow_resource_type_fk` (`resource_type`),
  KEY `workflow_resource_workflow_id_workflow_fk` (`id_workflow`),
  KEY `fk_document_id_state` (`id_state`)
) ENGINE=MyISAM DEFAULT CHARSET=utf8 COLLATE=utf8_unicode_ci;
/*!40101 SET character_set_client = @saved_cs_client */;

--
-- Dumping data for table `workflow_resource_workflow`
--

LOCK TABLES `workflow_resource_workflow` WRITE;
/*!40000 ALTER TABLE `workflow_resource_workflow` DISABLE KEYS */;
INSERT INTO `workflow_resource_workflow` VALUES (1,'DEMANDCENTER_DEMAND_SOURCE',101,100,-1,0);
/*!40000 ALTER TABLE `workflow_resource_workflow` ENABLE KEYS */;
UNLOCK TABLES;

--
-- Table structure for table `workflow_resource_workgroup`
--

DROP TABLE IF EXISTS `workflow_resource_workgroup`;
/*!40101 SET @saved_cs_client     = @@character_set_client */;
/*!40101 SET character_set_client = utf8 */;
CREATE TABLE `workflow_resource_workgroup` (
  `id_resource` int(11) NOT NULL DEFAULT '0',
  `resource_type` varchar(255) COLLATE utf8_unicode_ci DEFAULT NULL,
  `id_workflow` int(11) DEFAULT NULL,
  `workgroup_key` varchar(255) COLLATE utf8_unicode_ci DEFAULT NULL,
  KEY `workflow_resource_workgroup_id_resource_fk` (`id_resource`),
  KEY `workflow_resource_workgroup_resource_type_fk` (`resource_type`),
  KEY `workflow_resource_workgroup_id_workflow_fk` (`id_workflow`)
) ENGINE=MyISAM DEFAULT CHARSET=utf8 COLLATE=utf8_unicode_ci;
/*!40101 SET character_set_client = @saved_cs_client */;

--
-- Dumping data for table `workflow_resource_workgroup`
--

LOCK TABLES `workflow_resource_workgroup` WRITE;
/*!40000 ALTER TABLE `workflow_resource_workgroup` DISABLE KEYS */;
/*!40000 ALTER TABLE `workflow_resource_workgroup` ENABLE KEYS */;
UNLOCK TABLES;

--
-- Table structure for table `workflow_state`
--

DROP TABLE IF EXISTS `workflow_state`;
/*!40101 SET @saved_cs_client     = @@character_set_client */;
/*!40101 SET character_set_client = utf8 */;
CREATE TABLE `workflow_state` (
  `id_state` int(11) NOT NULL AUTO_INCREMENT,
  `name` varchar(255) COLLATE utf8_unicode_ci DEFAULT NULL,
  `description` mediumtext COLLATE utf8_unicode_ci,
  `id_workflow` int(11) DEFAULT NULL,
  `is_initial_state` smallint(6) DEFAULT '0',
  `is_required_workgroup_assigned` smallint(6) DEFAULT '0',
  `id_icon` int(11) DEFAULT NULL,
  `display_order` int(11) DEFAULT '0',
  PRIMARY KEY (`id_state`),
  KEY `fk_state_id_workflow` (`id_workflow`)
) ENGINE=MyISAM AUTO_INCREMENT=803 DEFAULT CHARSET=utf8 COLLATE=utf8_unicode_ci;
/*!40101 SET character_set_client = @saved_cs_client */;

--
-- Dumping data for table `workflow_state`
--

LOCK TABLES `workflow_state` WRITE;
/*!40000 ALTER TABLE `workflow_state` DISABLE KEYS */;
INSERT INTO `workflow_state` VALUES (100,'Initialisée','Demande initialisée',100,1,0,NULL,1),(101,'En cours','Demande en cours',100,0,0,NULL,2),(102,'Close','Demande close',100,0,0,NULL,3),(200,'Initialisée','Demande initialisée',200,1,0,NULL,1),(201,'En cours','Demande en cours',200,0,0,NULL,2),(202,'Close','Demande close',200,0,0,NULL,3),(300,'Initialisée','Demande initialisée',300,1,0,NULL,1),(301,'En cours','Demande en cours',300,0,0,NULL,2),(302,'Close','Demande close',300,0,0,NULL,3),(400,'Initialisée','Demande initialisée',400,1,0,NULL,1),(401,'En cours','Demande en cours',400,0,0,NULL,2),(402,'Close','Demande close',400,0,0,NULL,3),(500,'Initialisée','Demande initialisée',500,1,0,NULL,1),(501,'En cours','Demande en cours',500,0,0,NULL,2),(502,'Close','Demande close',500,0,0,NULL,3),(600,'Initialisée','Demande initialisée',600,1,0,NULL,1),(601,'En cours','Demande en cours',600,0,0,NULL,2),(602,'Close','Demande close',600,0,0,NULL,3),(700,'Initialisée','Demande initialisée',700,1,0,NULL,1),(701,'En cours','Demande en cours',700,0,0,NULL,2),(702,'Close','Demande close',700,0,0,NULL,3),(800,'Initialisée','Demande initialisée',800,1,0,NULL,1),(801,'En cours','Demande en cours',800,0,0,NULL,2),(802,'Close','Demande close',800,0,0,NULL,3);
/*!40000 ALTER TABLE `workflow_state` ENABLE KEYS */;
UNLOCK TABLES;

--
-- Table structure for table `workflow_task`
--

DROP TABLE IF EXISTS `workflow_task`;
/*!40101 SET @saved_cs_client     = @@character_set_client */;
/*!40101 SET character_set_client = utf8 */;
CREATE TABLE `workflow_task` (
  `id_task` int(11) NOT NULL AUTO_INCREMENT,
  `task_type_key` varchar(50) COLLATE utf8_unicode_ci DEFAULT NULL,
  `id_action` int(11) NOT NULL DEFAULT '0',
  `display_order` int(11) DEFAULT '0',
  PRIMARY KEY (`id_task`),
  KEY `task_id_action_fk` (`id_action`)
) ENGINE=MyISAM AUTO_INCREMENT=29 DEFAULT CHARSET=utf8 COLLATE=utf8_unicode_ci;
/*!40101 SET character_set_client = @saved_cs_client */;

--
-- Dumping data for table `workflow_task`
--

LOCK TABLES `workflow_task` WRITE;
/*!40000 ALTER TABLE `workflow_task` DISABLE KEYS */;
INSERT INTO `workflow_task` VALUES (1,'taskSources',101,1),(2,'taskOpenam',201,1),(3,'taskMonCompteSettings',301,1),(4,'taskCustomDemandStatus',100,2),(5,'taskCustomDemandStatus',200,2),(6,'taskCustomDemandStatus',300,2),(8,'taskCustomDemandStatus',101,2),(9,'taskCustomDemandStatus',201,2),(10,'taskCustomDemandStatus',301,2),(11,'taskNotificationGru',401,1),(12,'taskCustomDemandStatus',400,2),(13,'taskCustomDemandStatus',401,2),(14,'taskCustomDemandStatus',500,1),(15,'taskCustomDemandStatus',501,2),(16,'taskIdentitystore',501,1),(17,'taskCustomDemandStatus',600,1),(18,'taskCloseDemand',101,3),(19,'taskCloseDemand',201,3),(20,'taskCloseDemand',301,3),(21,'taskCloseDemand',401,3),(22,'taskCloseDemand',501,3),(23,'taskCloseDemand',601,3),(24,'taskCloseDemand',701,3),(25,'taskCloseDemand',801,3),(26,'taskGuichetPro',801,1),(27,'taskCustomDemandStatus',800,2),(28,'taskCustomDemandStatus',801,2);
/*!40000 ALTER TABLE `workflow_task` ENABLE KEYS */;
UNLOCK TABLES;

--
-- Table structure for table `workflow_task_assignment_cf`
--

DROP TABLE IF EXISTS `workflow_task_assignment_cf`;
/*!40101 SET @saved_cs_client     = @@character_set_client */;
/*!40101 SET character_set_client = utf8 */;
CREATE TABLE `workflow_task_assignment_cf` (
  `id_task` int(11) NOT NULL DEFAULT '0',
  `title` varchar(255) COLLATE utf8_unicode_ci DEFAULT NULL,
  `is_multiple_owner` smallint(6) DEFAULT '0',
  `is_notify` smallint(6) DEFAULT '0',
  `message` varchar(255) COLLATE utf8_unicode_ci DEFAULT NULL,
  `subject` varchar(45) COLLATE utf8_unicode_ci DEFAULT NULL,
  `is_use_user_name` smallint(6) DEFAULT '0',
  PRIMARY KEY (`id_task`)
) ENGINE=MyISAM DEFAULT CHARSET=utf8 COLLATE=utf8_unicode_ci;
/*!40101 SET character_set_client = @saved_cs_client */;

--
-- Dumping data for table `workflow_task_assignment_cf`
--

LOCK TABLES `workflow_task_assignment_cf` WRITE;
/*!40000 ALTER TABLE `workflow_task_assignment_cf` DISABLE KEYS */;
/*!40000 ALTER TABLE `workflow_task_assignment_cf` ENABLE KEYS */;
UNLOCK TABLES;

--
-- Table structure for table `workflow_task_comment_config`
--

DROP TABLE IF EXISTS `workflow_task_comment_config`;
/*!40101 SET @saved_cs_client     = @@character_set_client */;
/*!40101 SET character_set_client = utf8 */;
CREATE TABLE `workflow_task_comment_config` (
  `id_task` int(11) NOT NULL DEFAULT '0',
  `title` varchar(255) COLLATE utf8_unicode_ci DEFAULT NULL,
  `is_mandatory` smallint(6) DEFAULT '0',
  `is_richtext` smallint(6) DEFAULT '0',
  PRIMARY KEY (`id_task`)
) ENGINE=MyISAM DEFAULT CHARSET=utf8 COLLATE=utf8_unicode_ci;
/*!40101 SET character_set_client = @saved_cs_client */;

--
-- Dumping data for table `workflow_task_comment_config`
--

LOCK TABLES `workflow_task_comment_config` WRITE;
/*!40000 ALTER TABLE `workflow_task_comment_config` DISABLE KEYS */;
/*!40000 ALTER TABLE `workflow_task_comment_config` ENABLE KEYS */;
UNLOCK TABLES;

--
-- Table structure for table `workflow_task_comment_value`
--

DROP TABLE IF EXISTS `workflow_task_comment_value`;
/*!40101 SET @saved_cs_client     = @@character_set_client */;
/*!40101 SET character_set_client = utf8 */;
CREATE TABLE `workflow_task_comment_value` (
  `id_history` int(11) NOT NULL DEFAULT '0',
  `id_task` int(11) NOT NULL,
  `comment_value` mediumtext COLLATE utf8_unicode_ci,
  PRIMARY KEY (`id_history`,`id_task`),
  KEY `comment_value_id_history_fk` (`id_history`),
  KEY `comment_value_id_task_fk` (`id_task`)
) ENGINE=MyISAM DEFAULT CHARSET=utf8 COLLATE=utf8_unicode_ci;
/*!40101 SET character_set_client = @saved_cs_client */;

--
-- Dumping data for table `workflow_task_comment_value`
--

LOCK TABLES `workflow_task_comment_value` WRITE;
/*!40000 ALTER TABLE `workflow_task_comment_value` DISABLE KEYS */;
/*!40000 ALTER TABLE `workflow_task_comment_value` ENABLE KEYS */;
UNLOCK TABLES;

--
-- Table structure for table `workflow_task_notification_cf`
--

DROP TABLE IF EXISTS `workflow_task_notification_cf`;
/*!40101 SET @saved_cs_client     = @@character_set_client */;
/*!40101 SET character_set_client = utf8 */;
CREATE TABLE `workflow_task_notification_cf` (
  `id_task` int(11) NOT NULL DEFAULT '0',
  `id_mailing_list` int(11) DEFAULT NULL,
  `sender_name` varchar(255) COLLATE utf8_unicode_ci DEFAULT NULL,
  `subject` varchar(255) COLLATE utf8_unicode_ci DEFAULT NULL,
  `message` mediumtext COLLATE utf8_unicode_ci,
  PRIMARY KEY (`id_task`)
) ENGINE=MyISAM DEFAULT CHARSET=utf8 COLLATE=utf8_unicode_ci;
/*!40101 SET character_set_client = @saved_cs_client */;

--
-- Dumping data for table `workflow_task_notification_cf`
--

LOCK TABLES `workflow_task_notification_cf` WRITE;
/*!40000 ALTER TABLE `workflow_task_notification_cf` DISABLE KEYS */;
/*!40000 ALTER TABLE `workflow_task_notification_cf` ENABLE KEYS */;
UNLOCK TABLES;

--
-- Table structure for table `workflow_workflow`
--

DROP TABLE IF EXISTS `workflow_workflow`;
/*!40101 SET @saved_cs_client     = @@character_set_client */;
/*!40101 SET character_set_client = utf8 */;
CREATE TABLE `workflow_workflow` (
  `id_workflow` int(11) NOT NULL AUTO_INCREMENT,
  `name` varchar(255) COLLATE utf8_unicode_ci DEFAULT NULL,
  `description` mediumtext COLLATE utf8_unicode_ci,
  `creation_date` timestamp NOT NULL DEFAULT CURRENT_TIMESTAMP,
  `is_enabled` smallint(6) DEFAULT '0',
  `workgroup_key` varchar(255) COLLATE utf8_unicode_ci DEFAULT NULL,
  PRIMARY KEY (`id_workflow`)
) ENGINE=MyISAM AUTO_INCREMENT=801 DEFAULT CHARSET=utf8 COLLATE=utf8_unicode_ci;
/*!40101 SET character_set_client = @saved_cs_client */;

--
-- Dumping data for table `workflow_workflow`
--

LOCK TABLES `workflow_workflow` WRITE;
/*!40000 ALTER TABLE `workflow_workflow` DISABLE KEYS */;
INSERT INTO `workflow_workflow` VALUES (100,'Workflow des demandes d\'accès au site SVN','Workflow des demandes d\'accès au site SVN','2017-08-16 10:38:32',1,'all'),(200,'Workflow des demandes d\'agents OpenAM','Workflow des demandes d\'agents OpenAM','2017-08-16 10:38:32',1,'all'),(300,'Workflow des demandes d\'ajout de liens MonCompte','Workflow des demandes d\'ajout de liens MonCompte','2017-08-16 10:38:32',1,'all'),(400,'Workflow des demandes de paramétrages NotifyGRU','Workflow des demandes de paramétrages NotifyGRU','2017-08-16 10:38:32',1,'all'),(500,'Workflow des demandes de configuration IdentityStore','Workflow des demandes de paramétrages IdentityStore','2017-08-16 10:38:32',1,'all'),(600,'Workflow des demandes d\'ajout d\'application FastDeploy','Workflow des demandes d\'ajout d\'application FastDeploy','2017-08-16 10:38:32',1,'all'),(700,'Workflow des demandes d\'intégration continue','Workflow des demandes d\'intégration continue','2017-11-07 11:38:32',1,'all'),(800,'Workflow des demandes de configuration de la notification vers le guichet pro','Workflow des demandes de configuration de la notification vers le guichet pro','2017-11-07 11:38:32',1,'all');
/*!40000 ALTER TABLE `workflow_workflow` ENABLE KEYS */;
UNLOCK TABLES;

--
-- Table structure for table `workflow_workgroup_cf`
--

DROP TABLE IF EXISTS `workflow_workgroup_cf`;
/*!40101 SET @saved_cs_client     = @@character_set_client */;
/*!40101 SET character_set_client = utf8 */;
CREATE TABLE `workflow_workgroup_cf` (
  `id_task` int(11) NOT NULL DEFAULT '0',
  `workgroup_key` varchar(255) COLLATE utf8_unicode_ci NOT NULL,
  `id_mailing_list` int(11) DEFAULT NULL,
  PRIMARY KEY (`id_task`,`workgroup_key`)
) ENGINE=MyISAM DEFAULT CHARSET=utf8 COLLATE=utf8_unicode_ci;
/*!40101 SET character_set_client = @saved_cs_client */;

--
-- Dumping data for table `workflow_workgroup_cf`
--

LOCK TABLES `workflow_workgroup_cf` WRITE;
/*!40000 ALTER TABLE `workflow_workgroup_cf` DISABLE KEYS */;
/*!40000 ALTER TABLE `workflow_workgroup_cf` ENABLE KEYS */;
UNLOCK TABLES;
/*!40103 SET TIME_ZONE=@OLD_TIME_ZONE */;

/*!40101 SET SQL_MODE=@OLD_SQL_MODE */;
/*!40014 SET FOREIGN_KEY_CHECKS=@OLD_FOREIGN_KEY_CHECKS */;
/*!40014 SET UNIQUE_CHECKS=@OLD_UNIQUE_CHECKS */;
/*!40101 SET CHARACTER_SET_CLIENT=@OLD_CHARACTER_SET_CLIENT */;
/*!40101 SET CHARACTER_SET_RESULTS=@OLD_CHARACTER_SET_RESULTS */;
/*!40101 SET COLLATION_CONNECTION=@OLD_COLLATION_CONNECTION */;
/*!40111 SET SQL_NOTES=@OLD_SQL_NOTES */;

-- Dump completed on 2017-11-07 16:40:18
